dimension_set,query,strategy,threshold_bytes,threshold_label,run,status,elapsed_s,setup_s,groups,total,bhj,smj,shuffle,bcast_ex,exchanges,bcast_ms,bcast_bytes,plan_file
dim10mb,q1,joinless,-1,pattern,1,ok,19.66,3.25,200,3000078095504.6,0,0,2,0,2,0,0,/home/athenas/Downloads/jpp/JPP/results/plans/dim10mb/q1-joinless-pattern-r1.txt
dim10mb,q1,auto,10485760,default-10MiB,1,ok,27.80,,200,3000078095504.6,4,0,2,4,6,4444,247584224,/home/athenas/Downloads/jpp/JPP/results/plans/dim10mb/q1-auto-default-10MiB-r1.txt
dim10mb,q1,auto,22821,admits-1:date,1,ok,137.65,,200,3000078095504.6,1,3,8,1,9,374,1069024,/home/athenas/Downloads/jpp/JPP/results/plans/dim10mb/q1-auto-admits-1:date-r1.txt
dim10mb,q1,auto,363779,admits-2:date+supplier,1,ok,94.19,,200,3000078095504.6,2,2,6,2,8,1020,11057632,/home/athenas/Downloads/jpp/JPP/results/plans/dim10mb/q1-auto-admits-2:date+supplier-r1.txt
dim10mb,q1,auto,2512573,admits-3:date+supplier+part,1,ok,57.18,,200,3000078095504.6,3,1,4,3,7,2358,89366496,/home/athenas/Downloads/jpp/JPP/results/plans/dim10mb/q1-auto-admits-3:date+supplier+part-r1.txt
dim10mb,q1,auto,7876670,admits-4:date+supplier+part+customer,1,ok,29.34,,200,3000078095504.6,4,0,2,4,6,5867,247584224,/home/athenas/Downloads/jpp/JPP/results/plans/dim10mb/q1-auto-admits-4:date+supplier+part+customer-r1.txt
dim10mb,q1,auto,63013352,above-all-8x,1,ok,27.41,,200,3000078095504.6,4,0,2,4,6,4718,247584224,/home/athenas/Downloads/jpp/JPP/results/plans/dim10mb/q1-auto-above-all-8x-r1.txt
dim10mb,q1,joinless,-1,pattern,2,ok,21.21,3.69,200,3000078095504.6,0,0,2,0,2,0,0,/home/athenas/Downloads/jpp/JPP/results/plans/dim10mb/q1-joinless-pattern-r2.txt
dim10mb,q1,auto,10485760,default-10MiB,2,ok,28.50,,200,3000078095504.6,4,0,2,4,6,4457,247584224,/home/athenas/Downloads/jpp/JPP/results/plans/dim10mb/q1-auto-default-10MiB-r2.txt
dim10mb,q1,auto,22821,admits-1:date,2,ok,134.95,,200,3000078095504.6,1,3,8,1,9,378,1069024,/home/athenas/Downloads/jpp/JPP/results/plans/dim10mb/q1-auto-admits-1:date-r2.txt
dim10mb,q1,auto,363779,admits-2:date+supplier,2,ok,95.58,,200,3000078095504.6,2,2,6,2,8,1080,11057632,/home/athenas/Downloads/jpp/JPP/results/plans/dim10mb/q1-auto-admits-2:date+supplier-r2.txt
dim10mb,q1,auto,2512573,admits-3:date+supplier+part,2,ok,56.28,,200,3000078095504.6,3,1,4,3,7,2062,89366496,/home/athenas/Downloads/jpp/JPP/results/plans/dim10mb/q1-auto-admits-3:date+supplier+part-r2.txt
dim10mb,q1,auto,7876670,admits-4:date+supplier+part+customer,2,ok,26.81,,200,3000078095504.6,4,0,2,4,6,4451,247584224,/home/athenas/Downloads/jpp/JPP/results/plans/dim10mb/q1-auto-admits-4:date+supplier+part+customer-r2.txt
dim10mb,q1,auto,63013352,above-all-8x,2,ok,27.26,,200,3000078095504.6,4,0,2,4,6,5039,247584224,/home/athenas/Downloads/jpp/JPP/results/plans/dim10mb/q1-auto-above-all-8x-r2.txt
dim10mb,q1,joinless,-1,pattern,3,ok,19.82,3.15,200,3000078095504.6,0,0,2,0,2,0,0,/home/athenas/Downloads/jpp/JPP/results/plans/dim10mb/q1-joinless-pattern-r3.txt
dim10mb,q1,auto,10485760,default-10MiB,3,ok,27.56,,200,3000078095504.6,4,0,2,4,6,4936,247584224,/home/athenas/Downloads/jpp/JPP/results/plans/dim10mb/q1-auto-default-10MiB-r3.txt
dim10mb,q1,auto,22821,admits-1:date,3,ok,131.99,,200,3000078095504.6,1,3,8,1,9,410,1069024,/home/athenas/Downloads/jpp/JPP/results/plans/dim10mb/q1-auto-admits-1:date-r3.txt
dim10mb,q1,auto,363779,admits-2:date+supplier,3,ok,94.47,,200,3000078095504.6,2,2,6,2,8,982,11057632,/home/athenas/Downloads/jpp/JPP/results/plans/dim10mb/q1-auto-admits-2:date+supplier-r3.txt
dim10mb,q1,auto,2512573,admits-3:date+supplier+part,3,ok,56.14,,200,3000078095504.6,3,1,4,3,7,2203,89366496,/home/athenas/Downloads/jpp/JPP/results/plans/dim10mb/q1-auto-admits-3:date+supplier+part-r3.txt
dim10mb,q1,auto,7876670,admits-4:date+supplier+part+customer,3,ok,27.81,,200,3000078095504.6,4,0,2,4,6,5393,247584224,/home/athenas/Downloads/jpp/JPP/results/plans/dim10mb/q1-auto-admits-4:date+supplier+part+customer-r3.txt
dim10mb,q1,auto,63013352,above-all-8x,3,ok,27.87,,200,3000078095504.6,4,0,2,4,6,4620,247584224,/home/athenas/Downloads/jpp/JPP/results/plans/dim10mb/q1-auto-above-all-8x-r3.txt
dim10mb,q1,joinless,-1,pattern,4,ok,19.08,3.19,200,3000078095504.6,0,0,2,0,2,0,0,/home/athenas/Downloads/jpp/JPP/results/plans/dim10mb/q1-joinless-pattern-r4.txt
dim10mb,q1,auto,10485760,default-10MiB,4,ok,28.22,,200,3000078095504.6,4,0,2,4,6,5246,247584224,/home/athenas/Downloads/jpp/JPP/results/plans/dim10mb/q1-auto-default-10MiB-r4.txt
dim10mb,q1,auto,22821,admits-1:date,4,ok,136.46,,200,3000078095504.6,1,3,8,1,9,455,1069024,/home/athenas/Downloads/jpp/JPP/results/plans/dim10mb/q1-auto-admits-1:date-r4.txt
dim10mb,q1,auto,363779,admits-2:date+supplier,4,ok,95.04,,200,3000078095504.6,2,2,6,2,8,1058,11057632,/home/athenas/Downloads/jpp/JPP/results/plans/dim10mb/q1-auto-admits-2:date+supplier-r4.txt
dim10mb,q1,auto,2512573,admits-3:date+supplier+part,4,ok,56.72,,200,3000078095504.6,3,1,4,3,7,2229,89366496,/home/athenas/Downloads/jpp/JPP/results/plans/dim10mb/q1-auto-admits-3:date+supplier+part-r4.txt
dim10mb,q1,auto,7876670,admits-4:date+supplier+part+customer,4,ok,26.76,,200,3000078095504.6,4,0,2,4,6,4538,247584224,/home/athenas/Downloads/jpp/JPP/results/plans/dim10mb/q1-auto-admits-4:date+supplier+part+customer-r4.txt
dim10mb,q1,auto,63013352,above-all-8x,4,ok,28.48,,200,3000078095504.6,4,0,2,4,6,5269,247584224,/home/athenas/Downloads/jpp/JPP/results/plans/dim10mb/q1-auto-above-all-8x-r4.txt
dim10mb,q1,joinless,-1,pattern,5,ok,21.34,3.56,200,3000078095504.6,0,0,2,0,2,0,0,/home/athenas/Downloads/jpp/JPP/results/plans/dim10mb/q1-joinless-pattern-r5.txt
dim10mb,q1,auto,10485760,default-10MiB,5,ok,26.80,,200,3000078095504.6,4,0,2,4,6,5358,247584224,/home/athenas/Downloads/jpp/JPP/results/plans/dim10mb/q1-auto-default-10MiB-r5.txt
dim10mb,q1,auto,22821,admits-1:date,5,ok,136.89,,200,3000078095504.6,1,3,8,1,9,384,1069024,/home/athenas/Downloads/jpp/JPP/results/plans/dim10mb/q1-auto-admits-1:date-r5.txt
dim10mb,q1,auto,363779,admits-2:date+supplier,5,ok,93.46,,200,3000078095504.6,2,2,6,2,8,1053,11057632,/home/athenas/Downloads/jpp/JPP/results/plans/dim10mb/q1-auto-admits-2:date+supplier-r5.txt
dim10mb,q1,auto,2512573,admits-3:date+supplier+part,5,ok,56.04,,200,3000078095504.6,3,1,4,3,7,2029,89366496,/home/athenas/Downloads/jpp/JPP/results/plans/dim10mb/q1-auto-admits-3:date+supplier+part-r5.txt
dim10mb,q1,auto,7876670,admits-4:date+supplier+part+customer,5,ok,26.01,,200,3000078095504.6,4,0,2,4,6,5033,247584224,/home/athenas/Downloads/jpp/JPP/results/plans/dim10mb/q1-auto-admits-4:date+supplier+part+customer-r5.txt
dim10mb,q1,auto,63013352,above-all-8x,5,ok,27.14,,200,3000078095504.6,4,0,2,4,6,4806,247584224,/home/athenas/Downloads/jpp/JPP/results/plans/dim10mb/q1-auto-above-all-8x-r5.txt
dim100mb,q1,joinless,-1,pattern,1,ok,27.46,10.73,200,3000078095504.6,0,0,2,0,2,0,0,/home/athenas/Downloads/jpp/JPP/results/plans/dim100mb/q1-joinless-pattern-r1.txt
dim100mb,q1,auto,10485760,default-10MiB,1,ok,58.07,,200,3000078095504.6,3,1,4,3,7,2309,89366496,/home/athenas/Downloads/jpp/JPP/results/plans/dim100mb/q1-auto-default-10MiB-r1.txt
dim100mb,q1,auto,22821,admits-1:date,1,ok,138.75,,200,3000078095504.6,1,3,8,1,9,343,1069024,/home/athenas/Downloads/jpp/JPP/results/plans/dim100mb/q1-auto-admits-1:date-r1.txt
dim100mb,q1,auto,363779,admits-2:date+supplier,1,ok,97.32,,200,3000078095504.6,2,2,6,2,8,987,11057632,/home/athenas/Downloads/jpp/JPP/results/plans/dim100mb/q1-auto-admits-2:date+supplier-r1.txt
dim100mb,q1,auto,2512573,admits-3:date+supplier+part,1,ok,55.89,,200,3000078095504.6,3,1,4,3,7,2208,89366496,/home/athenas/Downloads/jpp/JPP/results/plans/dim100mb/q1-auto-admits-3:date+supplier+part-r1.txt
dim100mb,q1,auto,66777535,admits-4:date+supplier+part+customer,1,ok,34.18,,200,3000078095504.6,4,0,2,4,6,13567,1366905240,/home/athenas/Downloads/jpp/JPP/results/plans/dim100mb/q1-auto-admits-4:date+supplier+part+customer-r1.txt
dim100mb,q1,auto,534220272,above-all-8x,1,ok,34.64,,200,3000078095504.6,4,0,2,4,6,12686,1366905240,/home/athenas/Downloads/jpp/JPP/results/plans/dim100mb/q1-auto-above-all-8x-r1.txt
dim100mb,q1,joinless,-1,pattern,2,ok,25.64,8.69,200,3000078095504.6,0,0,2,0,2,0,0,/home/athenas/Downloads/jpp/JPP/results/plans/dim100mb/q1-joinless-pattern-r2.txt
dim100mb,q1,auto,10485760,default-10MiB,2,ok,57.17,,200,3000078095504.6,3,1,4,3,7,2212,89366496,/home/athenas/Downloads/jpp/JPP/results/plans/dim100mb/q1-auto-default-10MiB-r2.txt
dim100mb,q1,auto,22821,admits-1:date,2,ok,139.65,,200,3000078095504.6,1,3,8,1,9,420,1069024,/home/athenas/Downloads/jpp/JPP/results/plans/dim100mb/q1-auto-admits-1:date-r2.txt
dim100mb,q1,auto,363779,admits-2:date+supplier,2,ok,93.72,,200,3000078095504.6,2,2,6,2,8,1028,11057632,/home/athenas/Downloads/jpp/JPP/results/plans/dim100mb/q1-auto-admits-2:date+supplier-r2.txt
dim100mb,q1,auto,2512573,admits-3:date+supplier+part,2,ok,57.59,,200,3000078095504.6,3,1,4,3,7,2177,89366496,/home/athenas/Downloads/jpp/JPP/results/plans/dim100mb/q1-auto-admits-3:date+supplier+part-r2.txt
dim100mb,q1,auto,66777535,admits-4:date+supplier+part+customer,2,ok,35.59,,200,3000078095504.6,4,0,2,4,6,14404,1366905240,/home/athenas/Downloads/jpp/JPP/results/plans/dim100mb/q1-auto-admits-4:date+supplier+part+customer-r2.txt
dim100mb,q1,auto,534220272,above-all-8x,2,ok,36.69,,200,3000078095504.6,4,0,2,4,6,14307,1366905240,/home/athenas/Downloads/jpp/JPP/results/plans/dim100mb/q1-auto-above-all-8x-r2.txt
dim100mb,q1,joinless,-1,pattern,3,ok,26.71,9.48,200,3000078095504.6,0,0,2,0,2,0,0,/home/athenas/Downloads/jpp/JPP/results/plans/dim100mb/q1-joinless-pattern-r3.txt
dim100mb,q1,auto,10485760,default-10MiB,3,ok,55.85,,200,3000078095504.6,3,1,4,3,7,2357,89366496,/home/athenas/Downloads/jpp/JPP/results/plans/dim100mb/q1-auto-default-10MiB-r3.txt
dim100mb,q1,auto,22821,admits-1:date,3,ok,138.43,,200,3000078095504.6,1,3,8,1,9,395,1069024,/home/athenas/Downloads/jpp/JPP/results/plans/dim100mb/q1-auto-admits-1:date-r3.txt
dim100mb,q1,auto,363779,admits-2:date+supplier,3,ok,94.73,,200,3000078095504.6,2,2,6,2,8,1064,11057632,/home/athenas/Downloads/jpp/JPP/results/plans/dim100mb/q1-auto-admits-2:date+supplier-r3.txt
dim100mb,q1,auto,2512573,admits-3:date+supplier+part,3,ok,57.21,,200,3000078095504.6,3,1,4,3,7,2312,89366496,/home/athenas/Downloads/jpp/JPP/results/plans/dim100mb/q1-auto-admits-3:date+supplier+part-r3.txt
dim100mb,q1,auto,66777535,admits-4:date+supplier+part+customer,3,ok,34.32,,200,3000078095504.6,4,0,2,4,6,13089,1366905240,/home/athenas/Downloads/jpp/JPP/results/plans/dim100mb/q1-auto-admits-4:date+supplier+part+customer-r3.txt
dim100mb,q1,auto,534220272,above-all-8x,3,ok,35.33,,200,3000078095504.6,4,0,2,4,6,15496,1366905240,/home/athenas/Downloads/jpp/JPP/results/plans/dim100mb/q1-auto-above-all-8x-r3.txt
dim100mb,q1,joinless,-1,pattern,4,ok,26.12,9.73,200,3000078095504.6,0,0,2,0,2,0,0,/home/athenas/Downloads/jpp/JPP/results/plans/dim100mb/q1-joinless-pattern-r4.txt
dim100mb,q1,auto,10485760,default-10MiB,4,ok,56.09,,200,3000078095504.6,3,1,4,3,7,2260,89366496,/home/athenas/Downloads/jpp/JPP/results/plans/dim100mb/q1-auto-default-10MiB-r4.txt
dim100mb,q1,auto,22821,admits-1:date,4,ok,134.57,,200,3000078095504.6,1,3,8,1,9,349,1069024,/home/athenas/Downloads/jpp/JPP/results/plans/dim100mb/q1-auto-admits-1:date-r4.txt
dim100mb,q1,auto,363779,admits-2:date+supplier,4,ok,95.47,,200,3000078095504.6,2,2,6,2,8,987,11057632,/home/athenas/Downloads/jpp/JPP/results/plans/dim100mb/q1-auto-admits-2:date+supplier-r4.txt
dim100mb,q1,auto,2512573,admits-3:date+supplier+part,4,ok,56.03,,200,3000078095504.6,3,1,4,3,7,2232,89366496,/home/athenas/Downloads/jpp/JPP/results/plans/dim100mb/q1-auto-admits-3:date+supplier+part-r4.txt
dim100mb,q1,auto,66777535,admits-4:date+supplier+part+customer,4,ok,34.63,,200,3000078095504.6,4,0,2,4,6,12889,1366905240,/home/athenas/Downloads/jpp/JPP/results/plans/dim100mb/q1-auto-admits-4:date+supplier+part+customer-r4.txt
dim100mb,q1,auto,534220272,above-all-8x,4,ok,35.35,,200,3000078095504.6,4,0,2,4,6,11714,1366905240,/home/athenas/Downloads/jpp/JPP/results/plans/dim100mb/q1-auto-above-all-8x-r4.txt
dim100mb,q1,joinless,-1,pattern,5,ok,25.90,9.31,200,3000078095504.6,0,0,2,0,2,0,0,/home/athenas/Downloads/jpp/JPP/results/plans/dim100mb/q1-joinless-pattern-r5.txt
dim100mb,q1,auto,10485760,default-10MiB,5,ok,56.43,,200,3000078095504.6,3,1,4,3,7,2105,89366496,/home/athenas/Downloads/jpp/JPP/results/plans/dim100mb/q1-auto-default-10MiB-r5.txt
dim100mb,q1,auto,22821,admits-1:date,5,ok,137.02,,200,3000078095504.6,1,3,8,1,9,442,1069024,/home/athenas/Downloads/jpp/JPP/results/plans/dim100mb/q1-auto-admits-1:date-r5.txt
dim100mb,q1,auto,363779,admits-2:date+supplier,5,ok,95.02,,200,3000078095504.6,2,2,6,2,8,1109,11057632,/home/athenas/Downloads/jpp/JPP/results/plans/dim100mb/q1-auto-admits-2:date+supplier-r5.txt
dim100mb,q1,auto,2512573,admits-3:date+supplier+part,5,ok,61.06,,200,3000078095504.6,3,1,4,3,7,2249,89366496,/home/athenas/Downloads/jpp/JPP/results/plans/dim100mb/q1-auto-admits-3:date+supplier+part-r5.txt
dim100mb,q1,auto,66777535,admits-4:date+supplier+part+customer,5,ok,35.42,,200,3000078095504.6,4,0,2,4,6,13018,1366905240,/home/athenas/Downloads/jpp/JPP/results/plans/dim100mb/q1-auto-admits-4:date+supplier+part+customer-r5.txt
dim100mb,q1,auto,534220272,above-all-8x,5,ok,34.60,,200,3000078095504.6,4,0,2,4,6,12464,1366905240,/home/athenas/Downloads/jpp/JPP/results/plans/dim100mb/q1-auto-above-all-8x-r5.txt
dim10mb,q2,joinless,-1,pattern,1,ok,18.41,3.81,40,120015240211.4,0,0,2,0,2,0,0,/home/athenas/JPP/JPP/results/plans/dim10mb/q2-joinless-pattern-r1.txt
dim10mb,q2,auto,10485760,default-10MiB,1,ok,13.22,,40,120015240211.4,4,0,2,4,6,3425,139580832,/home/athenas/JPP/JPP/results/plans/dim10mb/q2-auto-default-10MiB-r1.txt
dim10mb,q2,auto,22821,admits-1:date,1,ok,22.53,,40,120015240211.4,1,3,8,1,9,955,1069024,/home/athenas/JPP/JPP/results/plans/dim10mb/q2-auto-admits-1:date-r1.txt
dim10mb,q2,auto,363779,admits-2:date+supplier,1,ok,19.33,,40,120015240211.4,2,2,6,2,8,1044,3717568,/home/athenas/JPP/JPP/results/plans/dim10mb/q2-auto-admits-2:date+supplier-r1.txt
dim10mb,q2,auto,2512573,admits-3:date+supplier+part,1,ok,17.08,,40,120015240211.4,3,1,4,3,7,3742,82026432,/home/athenas/JPP/JPP/results/plans/dim10mb/q2-auto-admits-3:date+supplier+part-r1.txt
dim10mb,q2,auto,7876670,admits-4:date+supplier+part+customer,1,ok,13.23,,40,120015240211.4,4,0,2,4,6,4160,139580832,/home/athenas/JPP/JPP/results/plans/dim10mb/q2-auto-admits-4:date+supplier+part+customer-r1.txt
dim10mb,q2,auto,63013352,above-all-8x,1,ok,14.70,,40,120015240211.4,4,0,2,4,6,4848,139580832,/home/athenas/JPP/JPP/results/plans/dim10mb/q2-auto-above-all-8x-r1.txt
dim10mb,q2,joinless,-1,pattern,2,ok,18.52,4.03,40,120015240211.4,0,0,2,0,2,0,0,/home/athenas/JPP/JPP/results/plans/dim10mb/q2-joinless-pattern-r2.txt
dim10mb,q2,auto,10485760,default-10MiB,2,ok,13.60,,40,120015240211.4,4,0,2,4,6,3997,139580832,/home/athenas/JPP/JPP/results/plans/dim10mb/q2-auto-default-10MiB-r2.txt
dim10mb,q2,auto,22821,admits-1:date,2,ok,22.63,,40,120015240211.4,1,3,8,1,9,1008,1069024,/home/athenas/JPP/JPP/results/plans/dim10mb/q2-auto-admits-1:date-r2.txt
dim10mb,q2,auto,363779,admits-2:date+supplier,2,ok,19.99,,40,120015240211.4,2,2,6,2,8,1914,3717568,/home/athenas/JPP/JPP/results/plans/dim10mb/q2-auto-admits-2:date+supplier-r2.txt
dim10mb,q2,auto,2512573,admits-3:date+supplier+part,2,ok,17.22,,40,120015240211.4,3,1,4,3,7,4048,82026432,/home/athenas/JPP/JPP/results/plans/dim10mb/q2-auto-admits-3:date+supplier+part-r2.txt
dim10mb,q2,auto,7876670,admits-4:date+supplier+part+customer,2,ok,13.80,,40,120015240211.4,4,0,2,4,6,3946,139580832,/home/athenas/JPP/JPP/results/plans/dim10mb/q2-auto-admits-4:date+supplier+part+customer-r2.txt
dim10mb,q2,auto,63013352,above-all-8x,2,ok,11.98,,40,120015240211.4,4,0,2,4,6,3416,139580832,/home/athenas/JPP/JPP/results/plans/dim10mb/q2-auto-above-all-8x-r2.txt
dim10mb,q2,joinless,-1,pattern,3,ok,19.97,3.96,40,120015240211.4,0,0,2,0,2,0,0,/home/athenas/JPP/JPP/results/plans/dim10mb/q2-joinless-pattern-r3.txt
dim10mb,q2,auto,10485760,default-10MiB,3,ok,13.46,,40,120015240211.4,4,0,2,4,6,3975,139580832,/home/athenas/JPP/JPP/results/plans/dim10mb/q2-auto-default-10MiB-r3.txt
dim10mb,q2,auto,22821,admits-1:date,3,ok,21.76,,40,120015240211.4,1,3,8,1,9,1013,1069024,/home/athenas/JPP/JPP/results/plans/dim10mb/q2-auto-admits-1:date-r3.txt
dim10mb,q2,auto,363779,admits-2:date+supplier,3,ok,18.65,,40,120015240211.4,2,2,6,2,8,1275,3717568,/home/athenas/JPP/JPP/results/plans/dim10mb/q2-auto-admits-2:date+supplier-r3.txt
dim10mb,q2,auto,2512573,admits-3:date+supplier+part,3,ok,17.70,,40,120015240211.4,3,1,4,3,7,4021,82026432,/home/athenas/JPP/JPP/results/plans/dim10mb/q2-auto-admits-3:date+supplier+part-r3.txt
dim10mb,q2,auto,7876670,admits-4:date+supplier+part+customer,3,ok,13.53,,40,120015240211.4,4,0,2,4,6,3895,139580832,/home/athenas/JPP/JPP/results/plans/dim10mb/q2-auto-admits-4:date+supplier+part+customer-r3.txt
dim10mb,q2,auto,63013352,above-all-8x,3,ok,13.52,,40,120015240211.4,4,0,2,4,6,4158,139580832,/home/athenas/JPP/JPP/results/plans/dim10mb/q2-auto-above-all-8x-r3.txt
dim10mb,q2,joinless,-1,pattern,4,ok,17.94,3.75,40,120015240211.4,0,0,2,0,2,0,0,/home/athenas/JPP/JPP/results/plans/dim10mb/q2-joinless-pattern-r4.txt
dim10mb,q2,auto,10485760,default-10MiB,4,ok,12.97,,40,120015240211.4,4,0,2,4,6,4320,139580832,/home/athenas/JPP/JPP/results/plans/dim10mb/q2-auto-default-10MiB-r4.txt
dim10mb,q2,auto,22821,admits-1:date,4,ok,22.78,,40,120015240211.4,1,3,8,1,9,1017,1069024,/home/athenas/JPP/JPP/results/plans/dim10mb/q2-auto-admits-1:date-r4.txt
dim10mb,q2,auto,363779,admits-2:date+supplier,4,ok,19.99,,40,120015240211.4,2,2,6,2,8,2071,3717568,/home/athenas/JPP/JPP/results/plans/dim10mb/q2-auto-admits-2:date+supplier-r4.txt
dim10mb,q2,auto,2512573,admits-3:date+supplier+part,4,ok,17.00,,40,120015240211.4,3,1,4,3,7,3742,82026432,/home/athenas/JPP/JPP/results/plans/dim10mb/q2-auto-admits-3:date+supplier+part-r4.txt
dim10mb,q2,auto,7876670,admits-4:date+supplier+part+customer,4,ok,12.79,,40,120015240211.4,4,0,2,4,6,3919,139580832,/home/athenas/JPP/JPP/results/plans/dim10mb/q2-auto-admits-4:date+supplier+part+customer-r4.txt
dim10mb,q2,auto,63013352,above-all-8x,4,ok,12.91,,40,120015240211.4,4,0,2,4,6,4258,139580832,/home/athenas/JPP/JPP/results/plans/dim10mb/q2-auto-above-all-8x-r4.txt
dim10mb,q2,joinless,-1,pattern,5,ok,18.55,4.30,40,120015240211.4,0,0,2,0,2,0,0,/home/athenas/JPP/JPP/results/plans/dim10mb/q2-joinless-pattern-r5.txt
dim10mb,q2,auto,10485760,default-10MiB,5,ok,12.74,,40,120015240211.4,4,0,2,4,6,4283,139580832,/home/athenas/JPP/JPP/results/plans/dim10mb/q2-auto-default-10MiB-r5.txt
dim10mb,q2,auto,22821,admits-1:date,5,ok,21.95,,40,120015240211.4,1,3,8,1,9,463,1069024,/home/athenas/JPP/JPP/results/plans/dim10mb/q2-auto-admits-1:date-r5.txt
dim10mb,q2,auto,363779,admits-2:date+supplier,5,ok,19.67,,40,120015240211.4,2,2,6,2,8,2357,3717568,/home/athenas/JPP/JPP/results/plans/dim10mb/q2-auto-admits-2:date+supplier-r5.txt
dim10mb,q2,auto,2512573,admits-3:date+supplier+part,5,ok,16.71,,40,120015240211.4,3,1,4,3,7,2421,82026432,/home/athenas/JPP/JPP/results/plans/dim10mb/q2-auto-admits-3:date+supplier+part-r5.txt
dim10mb,q2,auto,7876670,admits-4:date+supplier+part+customer,5,ok,13.17,,40,120015240211.4,4,0,2,4,6,3423,139580832,/home/athenas/JPP/JPP/results/plans/dim10mb/q2-auto-admits-4:date+supplier+part+customer-r5.txt
dim10mb,q2,auto,63013352,above-all-8x,5,ok,13.25,,40,120015240211.4,4,0,2,4,6,3984,139580832,/home/athenas/JPP/JPP/results/plans/dim10mb/q2-auto-above-all-8x-r5.txt
dim100mb,q2,joinless,-1,pattern,1,ok,27.57,13.30,40,120015240211.4,0,0,2,0,2,0,0,/home/athenas/JPP/JPP/results/plans/dim100mb/q2-joinless-pattern-r1.txt
dim100mb,q2,auto,10485760,default-10MiB,1,ok,21.32,,40,120015240211.4,3,1,4,3,7,3124,82026432,/home/athenas/JPP/JPP/results/plans/dim100mb/q2-auto-default-10MiB-r1.txt
dim100mb,q2,auto,22821,admits-1:date,1,ok,25.60,,40,120015240211.4,1,3,8,1,9,447,1069024,/home/athenas/JPP/JPP/results/plans/dim100mb/q2-auto-admits-1:date-r1.txt
dim100mb,q2,auto,363779,admits-2:date+supplier,1,ok,23.79,,40,120015240211.4,2,2,6,2,8,1214,3717568,/home/athenas/JPP/JPP/results/plans/dim100mb/q2-auto-admits-2:date+supplier-r1.txt
dim100mb,q2,auto,2512573,admits-3:date+supplier+part,1,ok,20.38,,40,120015240211.4,3,1,4,3,7,2511,82026432,/home/athenas/JPP/JPP/results/plans/dim100mb/q2-auto-admits-3:date+supplier+part-r1.txt
dim100mb,q2,auto,66777535,admits-4:date+supplier+part+customer,1,ok,15.06,,40,120015240211.4,4,0,2,4,6,7684,554258776,/home/athenas/JPP/JPP/results/plans/dim100mb/q2-auto-admits-4:date+supplier+part+customer-r1.txt
dim100mb,q2,auto,534220272,above-all-8x,1,ok,15.10,,40,120015240211.4,4,0,2,4,6,7247,554258776,/home/athenas/JPP/JPP/results/plans/dim100mb/q2-auto-above-all-8x-r1.txt
dim100mb,q2,joinless,-1,pattern,2,ok,27.89,13.98,40,120015240211.4,0,0,2,0,2,0,0,/home/athenas/JPP/JPP/results/plans/dim100mb/q2-joinless-pattern-r2.txt
dim100mb,q2,auto,10485760,default-10MiB,2,ok,20.95,,40,120015240211.4,3,1,4,3,7,2578,82026432,/home/athenas/JPP/JPP/results/plans/dim100mb/q2-auto-default-10MiB-r2.txt
dim100mb,q2,auto,22821,admits-1:date,2,ok,26.21,,40,120015240211.4,1,3,8,1,9,708,1069024,/home/athenas/JPP/JPP/results/plans/dim100mb/q2-auto-admits-1:date-r2.txt
dim100mb,q2,auto,363779,admits-2:date+supplier,2,ok,23.38,,40,120015240211.4,2,2,6,2,8,1593,3717568,/home/athenas/JPP/JPP/results/plans/dim100mb/q2-auto-admits-2:date+supplier-r2.txt
dim100mb,q2,auto,2512573,admits-3:date+supplier+part,2,ok,21.51,,40,120015240211.4,3,1,4,3,7,2592,82026432,/home/athenas/JPP/JPP/results/plans/dim100mb/q2-auto-admits-3:date+supplier+part-r2.txt
dim100mb,q2,auto,66777535,admits-4:date+supplier+part+customer,2,ok,14.20,,40,120015240211.4,4,0,2,4,6,5487,554258776,/home/athenas/JPP/JPP/results/plans/dim100mb/q2-auto-admits-4:date+supplier+part+customer-r2.txt
dim100mb,q2,auto,534220272,above-all-8x,2,ok,14.38,,40,120015240211.4,4,0,2,4,6,6642,554258776,/home/athenas/JPP/JPP/results/plans/dim100mb/q2-auto-above-all-8x-r2.txt
dim100mb,q2,joinless,-1,pattern,3,ok,27.24,12.71,40,120015240211.4,0,0,2,0,2,0,0,/home/athenas/JPP/JPP/results/plans/dim100mb/q2-joinless-pattern-r3.txt
dim100mb,q2,auto,10485760,default-10MiB,3,ok,21.27,,40,120015240211.4,3,1,4,3,7,3281,82026432,/home/athenas/JPP/JPP/results/plans/dim100mb/q2-auto-default-10MiB-r3.txt
dim100mb,q2,auto,22821,admits-1:date,3,ok,26.36,,40,120015240211.4,1,3,8,1,9,700,1069024,/home/athenas/JPP/JPP/results/plans/dim100mb/q2-auto-admits-1:date-r3.txt
dim100mb,q2,auto,363779,admits-2:date+supplier,3,ok,23.21,,40,120015240211.4,2,2,6,2,8,1338,3717568,/home/athenas/JPP/JPP/results/plans/dim100mb/q2-auto-admits-2:date+supplier-r3.txt
dim100mb,q2,auto,2512573,admits-3:date+supplier+part,3,ok,21.23,,40,120015240211.4,3,1,4,3,7,2442,82026432,/home/athenas/JPP/JPP/results/plans/dim100mb/q2-auto-admits-3:date+supplier+part-r3.txt
dim100mb,q2,auto,66777535,admits-4:date+supplier+part+customer,3,ok,14.56,,40,120015240211.4,4,0,2,4,6,6554,554258776,/home/athenas/JPP/JPP/results/plans/dim100mb/q2-auto-admits-4:date+supplier+part+customer-r3.txt
dim100mb,q2,auto,534220272,above-all-8x,3,ok,14.07,,40,120015240211.4,4,0,2,4,6,5660,554258776,/home/athenas/JPP/JPP/results/plans/dim100mb/q2-auto-above-all-8x-r3.txt
dim100mb,q2,joinless,-1,pattern,4,ok,25.74,11.61,40,120015240211.4,0,0,2,0,2,0,0,/home/athenas/JPP/JPP/results/plans/dim100mb/q2-joinless-pattern-r4.txt
dim100mb,q2,auto,10485760,default-10MiB,4,ok,21.85,,40,120015240211.4,3,1,4,3,7,2771,82026432,/home/athenas/JPP/JPP/results/plans/dim100mb/q2-auto-default-10MiB-r4.txt
dim100mb,q2,auto,22821,admits-1:date,4,ok,26.18,,40,120015240211.4,1,3,8,1,9,417,1069024,/home/athenas/JPP/JPP/results/plans/dim100mb/q2-auto-admits-1:date-r4.txt
dim100mb,q2,auto,363779,admits-2:date+supplier,4,ok,22.86,,40,120015240211.4,2,2,6,2,8,1160,3717568,/home/athenas/JPP/JPP/results/plans/dim100mb/q2-auto-admits-2:date+supplier-r4.txt
dim100mb,q2,auto,2512573,admits-3:date+supplier+part,4,ok,21.09,,40,120015240211.4,3,1,4,3,7,3392,82026432,/home/athenas/JPP/JPP/results/plans/dim100mb/q2-auto-admits-3:date+supplier+part-r4.txt
dim100mb,q2,auto,66777535,admits-4:date+supplier+part+customer,4,ok,14.25,,40,120015240211.4,4,0,2,4,6,5758,554258776,/home/athenas/JPP/JPP/results/plans/dim100mb/q2-auto-admits-4:date+supplier+part+customer-r4.txt
dim100mb,q2,auto,534220272,above-all-8x,4,ok,13.21,,40,120015240211.4,4,0,2,4,6,7163,554258776,/home/athenas/JPP/JPP/results/plans/dim100mb/q2-auto-above-all-8x-r4.txt
dim100mb,q2,joinless,-1,pattern,5,ok,26.70,12.46,40,120015240211.4,0,0,2,0,2,0,0,/home/athenas/JPP/JPP/results/plans/dim100mb/q2-joinless-pattern-r5.txt
dim100mb,q2,auto,10485760,default-10MiB,5,ok,21.57,,40,120015240211.4,3,1,4,3,7,2630,82026432,/home/athenas/JPP/JPP/results/plans/dim100mb/q2-auto-default-10MiB-r5.txt
dim100mb,q2,auto,22821,admits-1:date,5,ok,26.81,,40,120015240211.4,1,3,8,1,9,745,1069024,/home/athenas/JPP/JPP/results/plans/dim100mb/q2-auto-admits-1:date-r5.txt
dim100mb,q2,auto,363779,admits-2:date+supplier,5,ok,22.85,,40,120015240211.4,2,2,6,2,8,1004,3717568,/home/athenas/JPP/JPP/results/plans/dim100mb/q2-auto-admits-2:date+supplier-r5.txt
dim100mb,q2,auto,2512573,admits-3:date+supplier+part,5,ok,21.20,,40,120015240211.4,3,1,4,3,7,2328,82026432,/home/athenas/JPP/JPP/results/plans/dim100mb/q2-auto-admits-3:date+supplier+part-r5.txt
dim100mb,q2,auto,66777535,admits-4:date+supplier+part+customer,5,ok,14.69,,40,120015240211.4,4,0,2,4,6,6902,554258776,/home/athenas/JPP/JPP/results/plans/dim100mb/q2-auto-admits-4:date+supplier+part+customer-r5.txt
dim100mb,q2,auto,534220272,above-all-8x,5,ok,17.55,,40,120015240211.4,4,0,2,4,6,5834,554258776,/home/athenas/JPP/JPP/results/plans/dim100mb/q2-auto-above-all-8x-r5.txt
dim10mb,q3,joinless,-1,pattern,1,ok,20.65,3.12,400,1199919067064.6,0,0,2,0,2,0,0,/home/athenas/JPP/JPP/results/plans/dim10mb/q3-joinless-pattern-r1.txt
dim10mb,q3,auto,10485760,default-10MiB,1,ok,24.30,,400,1199919067064.6,4,0,2,4,6,5496,214029768,/home/athenas/JPP/JPP/results/plans/dim10mb/q3-auto-default-10MiB-r1.txt
dim10mb,q3,auto,22821,admits-1:date,1,ok,64.95,,400,1199919067064.6,1,3,8,1,9,788,1069024,/home/athenas/JPP/JPP/results/plans/dim10mb/q3-auto-admits-1:date-r1.txt
dim10mb,q3,auto,363779,admits-2:date+supplier,1,ok,49.25,,400,1199919067064.6,2,2,6,2,8,1853,11057632,/home/athenas/JPP/JPP/results/plans/dim10mb/q3-auto-admits-2:date+supplier-r1.txt
dim10mb,q3,auto,2512573,admits-3:date+supplier+part,1,ok,48.06,,400,1199919067064.6,2,2,6,2,8,1658,11057632,/home/athenas/JPP/JPP/results/plans/dim10mb/q3-auto-admits-3:date+supplier+part-r1.txt
dim10mb,q3,auto,7876670,admits-4:date+supplier+part+customer,1,ok,23.00,,400,1199919067064.6,4,0,2,4,6,4729,214029768,/home/athenas/JPP/JPP/results/plans/dim10mb/q3-auto-admits-4:date+supplier+part+customer-r1.txt
dim10mb,q3,auto,63013352,above-all-8x,1,ok,23.75,,400,1199919067064.6,4,0,2,4,6,5846,214029768,/home/athenas/JPP/JPP/results/plans/dim10mb/q3-auto-above-all-8x-r1.txt
dim10mb,q4,joinless,-1,pattern,1,ok,16.61,2.46,200,3000078095504.6,0,0,2,0,2,0,0,/home/athenas/JPP/JPP/results/plans/dim10mb/q4-joinless-pattern-r1.txt
dim10mb,q4,auto,10485760,default-10MiB,1,ok,24.25,,200,3000078095504.6,2,0,2,2,4,2731,159286752,/home/athenas/JPP/JPP/results/plans/dim10mb/q4-auto-default-10MiB-r1.txt
dim10mb,q4,auto,22821,admits-1:date,1,ok,45.41,,200,3000078095504.6,1,1,4,1,5,347,1069024,/home/athenas/JPP/JPP/results/plans/dim10mb/q4-auto-admits-1:date-r1.txt
dim10mb,q4,auto,363779,admits-2:date+supplier,1,ok,43.90,,200,3000078095504.6,1,1,4,1,5,325,1069024,/home/athenas/JPP/JPP/results/plans/dim10mb/q4-auto-admits-2:date+supplier-r1.txt
dim10mb,q4,auto,2512573,admits-3:date+supplier+part,1,ok,45.68,,200,3000078095504.6,1,1,4,1,5,357,1069024,/home/athenas/JPP/JPP/results/plans/dim10mb/q4-auto-admits-3:date+supplier+part-r1.txt
dim10mb,q4,auto,7876670,admits-4:date+supplier+part+customer,1,ok,24.59,,200,3000078095504.6,2,0,2,2,4,2547,159286752,/home/athenas/JPP/JPP/results/plans/dim10mb/q4-auto-admits-4:date+supplier+part+customer-r1.txt
dim10mb,q4,auto,63013352,above-all-8x,1,ok,23.81,,200,3000078095504.6,2,0,2,2,4,2063,159286752,/home/athenas/JPP/JPP/results/plans/dim10mb/q4-auto-above-all-8x-r1.txt
dim10mb,q3,joinless,-1,pattern,2,ok,20.09,3.10,400,1199919067064.6,0,0,2,0,2,0,0,/home/athenas/JPP/JPP/results/plans/dim10mb/q3-joinless-pattern-r2.txt
dim10mb,q3,auto,10485760,default-10MiB,2,ok,23.67,,400,1199919067064.6,4,0,2,4,6,5125,214029768,/home/athenas/JPP/JPP/results/plans/dim10mb/q3-auto-default-10MiB-r2.txt
dim10mb,q3,auto,22821,admits-1:date,2,ok,66.83,,400,1199919067064.6,1,3,8,1,9,471,1069024,/home/athenas/JPP/JPP/results/plans/dim10mb/q3-auto-admits-1:date-r2.txt
dim10mb,q3,auto,363779,admits-2:date+supplier,2,ok,49.71,,400,1199919067064.6,2,2,6,2,8,1223,11057632,/home/athenas/JPP/JPP/results/plans/dim10mb/q3-auto-admits-2:date+supplier-r2.txt
dim10mb,q3,auto,2512573,admits-3:date+supplier+part,2,ok,47.81,,400,1199919067064.6,2,2,6,2,8,1214,11057632,/home/athenas/JPP/JPP/results/plans/dim10mb/q3-auto-admits-3:date+supplier+part-r2.txt
dim10mb,q3,auto,7876670,admits-4:date+supplier+part+customer,2,ok,23.48,,400,1199919067064.6,4,0,2,4,6,5091,214029768,/home/athenas/JPP/JPP/results/plans/dim10mb/q3-auto-admits-4:date+supplier+part+customer-r2.txt
dim10mb,q3,auto,63013352,above-all-8x,2,ok,23.48,,400,1199919067064.6,4,0,2,4,6,5547,214029768,/home/athenas/JPP/JPP/results/plans/dim10mb/q3-auto-above-all-8x-r2.txt
dim10mb,q4,joinless,-1,pattern,2,ok,17.02,2.59,200,3000078095504.6,0,0,2,0,2,0,0,/home/athenas/JPP/JPP/results/plans/dim10mb/q4-joinless-pattern-r2.txt
dim10mb,q4,auto,10485760,default-10MiB,2,ok,24.64,,200,3000078095504.6,2,0,2,2,4,2436,159286752,/home/athenas/JPP/JPP/results/plans/dim10mb/q4-auto-default-10MiB-r2.txt
dim10mb,q4,auto,22821,admits-1:date,2,ok,45.11,,200,3000078095504.6,1,1,4,1,5,318,1069024,/home/athenas/JPP/JPP/results/plans/dim10mb/q4-auto-admits-1:date-r2.txt
dim10mb,q4,auto,363779,admits-2:date+supplier,2,ok,47.08,,200,3000078095504.6,1,1,4,1,5,334,1069024,/home/athenas/JPP/JPP/results/plans/dim10mb/q4-auto-admits-2:date+supplier-r2.txt
dim10mb,q4,auto,2512573,admits-3:date+supplier+part,2,ok,46.10,,200,3000078095504.6,1,1,4,1,5,385,1069024,/home/athenas/JPP/JPP/results/plans/dim10mb/q4-auto-admits-3:date+supplier+part-r2.txt
dim10mb,q4,auto,7876670,admits-4:date+supplier+part+customer,2,ok,25.52,,200,3000078095504.6,2,0,2,2,4,2594,159286752,/home/athenas/JPP/JPP/results/plans/dim10mb/q4-auto-admits-4:date+supplier+part+customer-r2.txt
dim10mb,q4,auto,63013352,above-all-8x,2,ok,25.46,,200,3000078095504.6,2,0,2,2,4,2140,159286752,/home/athenas/JPP/JPP/results/plans/dim10mb/q4-auto-above-all-8x-r2.txt
dim10mb,q3,joinless,-1,pattern,3,ok,20.08,3.08,400,1199919067064.6,0,0,2,0,2,0,0,/home/athenas/JPP/JPP/results/plans/dim10mb/q3-joinless-pattern-r3.txt
dim10mb,q3,auto,10485760,default-10MiB,3,ok,23.31,,400,1199919067064.6,4,0,2,4,6,4262,214029768,/home/athenas/JPP/JPP/results/plans/dim10mb/q3-auto-default-10MiB-r3.txt
dim10mb,q3,auto,22821,admits-1:date,3,ok,65.82,,400,1199919067064.6,1,3,8,1,9,887,1069024,/home/athenas/JPP/JPP/results/plans/dim10mb/q3-auto-admits-1:date-r3.txt
dim10mb,q3,auto,363779,admits-2:date+supplier,3,ok,48.26,,400,1199919067064.6,2,2,6,2,8,1845,11057632,/home/athenas/JPP/JPP/results/plans/dim10mb/q3-auto-admits-2:date+supplier-r3.txt
dim10mb,q3,auto,2512573,admits-3:date+supplier+part,3,ok,51.18,,400,1199919067064.6,2,2,6,2,8,1413,11057632,/home/athenas/JPP/JPP/results/plans/dim10mb/q3-auto-admits-3:date+supplier+part-r3.txt
dim10mb,q3,auto,7876670,admits-4:date+supplier+part+customer,3,ok,23.95,,400,1199919067064.6,4,0,2,4,6,4650,214029768,/home/athenas/JPP/JPP/results/plans/dim10mb/q3-auto-admits-4:date+supplier+part+customer-r3.txt
dim10mb,q3,auto,63013352,above-all-8x,3,ok,23.89,,400,1199919067064.6,4,0,2,4,6,4463,214029768,/home/athenas/JPP/JPP/results/plans/dim10mb/q3-auto-above-all-8x-r3.txt
dim10mb,q4,joinless,-1,pattern,3,ok,16.74,2.57,200,3000078095504.6,0,0,2,0,2,0,0,/home/athenas/JPP/JPP/results/plans/dim10mb/q4-joinless-pattern-r3.txt
dim10mb,q4,auto,10485760,default-10MiB,3,ok,24.45,,200,3000078095504.6,2,0,2,2,4,2652,159286752,/home/athenas/JPP/JPP/results/plans/dim10mb/q4-auto-default-10MiB-r3.txt
dim10mb,q4,auto,22821,admits-1:date,3,ok,46.03,,200,3000078095504.6,1,1,4,1,5,357,1069024,/home/athenas/JPP/JPP/results/plans/dim10mb/q4-auto-admits-1:date-r3.txt
dim10mb,q4,auto,363779,admits-2:date+supplier,3,ok,45.28,,200,3000078095504.6,1,1,4,1,5,384,1069024,/home/athenas/JPP/JPP/results/plans/dim10mb/q4-auto-admits-2:date+supplier-r3.txt
dim10mb,q4,auto,2512573,admits-3:date+supplier+part,3,ok,46.01,,200,3000078095504.6,1,1,4,1,5,325,1069024,/home/athenas/JPP/JPP/results/plans/dim10mb/q4-auto-admits-3:date+supplier+part-r3.txt
dim10mb,q4,auto,7876670,admits-4:date+supplier+part+customer,3,ok,25.26,,200,3000078095504.6,2,0,2,2,4,2629,159286752,/home/athenas/JPP/JPP/results/plans/dim10mb/q4-auto-admits-4:date+supplier+part+customer-r3.txt
dim10mb,q4,auto,63013352,above-all-8x,3,ok,24.31,,200,3000078095504.6,2,0,2,2,4,2464,159286752,/home/athenas/JPP/JPP/results/plans/dim10mb/q4-auto-above-all-8x-r3.txt
dim10mb,q3,joinless,-1,pattern,4,ok,19.53,2.85,400,1199919067064.6,0,0,2,0,2,0,0,/home/athenas/JPP/JPP/results/plans/dim10mb/q3-joinless-pattern-r4.txt
dim10mb,q3,auto,10485760,default-10MiB,4,ok,23.06,,400,1199919067064.6,4,0,2,4,6,3705,214029768,/home/athenas/JPP/JPP/results/plans/dim10mb/q3-auto-default-10MiB-r4.txt
dim10mb,q3,auto,22821,admits-1:date,4,ok,64.77,,400,1199919067064.6,1,3,8,1,9,806,1069024,/home/athenas/JPP/JPP/results/plans/dim10mb/q3-auto-admits-1:date-r4.txt
dim10mb,q3,auto,363779,admits-2:date+supplier,4,ok,47.39,,400,1199919067064.6,2,2,6,2,8,1817,11057632,/home/athenas/JPP/JPP/results/plans/dim10mb/q3-auto-admits-2:date+supplier-r4.txt
dim10mb,q3,auto,2512573,admits-3:date+supplier+part,4,ok,48.05,,400,1199919067064.6,2,2,6,2,8,1058,11057632,/home/athenas/JPP/JPP/results/plans/dim10mb/q3-auto-admits-3:date+supplier+part-r4.txt
dim10mb,q3,auto,7876670,admits-4:date+supplier+part+customer,4,ok,23.58,,400,1199919067064.6,4,0,2,4,6,4357,214029768,/home/athenas/JPP/JPP/results/plans/dim10mb/q3-auto-admits-4:date+supplier+part+customer-r4.txt
dim10mb,q3,auto,63013352,above-all-8x,4,ok,23.42,,400,1199919067064.6,4,0,2,4,6,5147,214029768,/home/athenas/JPP/JPP/results/plans/dim10mb/q3-auto-above-all-8x-r4.txt
dim10mb,q4,joinless,-1,pattern,4,ok,16.65,2.41,200,3000078095504.6,0,0,2,0,2,0,0,/home/athenas/JPP/JPP/results/plans/dim10mb/q4-joinless-pattern-r4.txt
dim10mb,q4,auto,10485760,default-10MiB,4,ok,24.43,,200,3000078095504.6,2,0,2,2,4,2307,159286752,/home/athenas/JPP/JPP/results/plans/dim10mb/q4-auto-default-10MiB-r4.txt
dim10mb,q4,auto,22821,admits-1:date,4,ok,44.83,,200,3000078095504.6,1,1,4,1,5,295,1069024,/home/athenas/JPP/JPP/results/plans/dim10mb/q4-auto-admits-1:date-r4.txt
dim10mb,q4,auto,363779,admits-2:date+supplier,4,ok,45.49,,200,3000078095504.6,1,1,4,1,5,330,1069024,/home/athenas/JPP/JPP/results/plans/dim10mb/q4-auto-admits-2:date+supplier-r4.txt
dim10mb,q4,auto,2512573,admits-3:date+supplier+part,4,ok,46.58,,200,3000078095504.6,1,1,4,1,5,369,1069024,/home/athenas/JPP/JPP/results/plans/dim10mb/q4-auto-admits-3:date+supplier+part-r4.txt
dim10mb,q4,auto,7876670,admits-4:date+supplier+part+customer,4,ok,24.38,,200,3000078095504.6,2,0,2,2,4,2461,159286752,/home/athenas/JPP/JPP/results/plans/dim10mb/q4-auto-admits-4:date+supplier+part+customer-r4.txt
dim10mb,q4,auto,63013352,above-all-8x,4,ok,24.92,,200,3000078095504.6,2,0,2,2,4,2316,159286752,/home/athenas/JPP/JPP/results/plans/dim10mb/q4-auto-above-all-8x-r4.txt
dim10mb,q3,joinless,-1,pattern,5,ok,19.90,3.09,400,1199919067064.6,0,0,2,0,2,0,0,/home/athenas/JPP/JPP/results/plans/dim10mb/q3-joinless-pattern-r5.txt
dim10mb,q3,auto,10485760,default-10MiB,5,ok,23.46,,400,1199919067064.6,4,0,2,4,6,4898,214029768,/home/athenas/JPP/JPP/results/plans/dim10mb/q3-auto-default-10MiB-r5.txt
dim10mb,q3,auto,22821,admits-1:date,5,ok,66.40,,400,1199919067064.6,1,3,8,1,9,892,1069024,/home/athenas/JPP/JPP/results/plans/dim10mb/q3-auto-admits-1:date-r5.txt
dim10mb,q3,auto,363779,admits-2:date+supplier,5,ok,49.43,,400,1199919067064.6,2,2,6,2,8,1354,11057632,/home/athenas/JPP/JPP/results/plans/dim10mb/q3-auto-admits-2:date+supplier-r5.txt
dim10mb,q3,auto,2512573,admits-3:date+supplier+part,5,ok,48.89,,400,1199919067064.6,2,2,6,2,8,1033,11057632,/home/athenas/JPP/JPP/results/plans/dim10mb/q3-auto-admits-3:date+supplier+part-r5.txt
dim10mb,q3,auto,7876670,admits-4:date+supplier+part+customer,5,ok,23.45,,400,1199919067064.6,4,0,2,4,6,5060,214029768,/home/athenas/JPP/JPP/results/plans/dim10mb/q3-auto-admits-4:date+supplier+part+customer-r5.txt
dim10mb,q3,auto,63013352,above-all-8x,5,ok,23.36,,400,1199919067064.6,4,0,2,4,6,4921,214029768,/home/athenas/JPP/JPP/results/plans/dim10mb/q3-auto-above-all-8x-r5.txt
dim10mb,q4,joinless,-1,pattern,5,ok,16.53,2.60,200,3000078095504.6,0,0,2,0,2,0,0,/home/athenas/JPP/JPP/results/plans/dim10mb/q4-joinless-pattern-r5.txt
dim10mb,q4,auto,10485760,default-10MiB,5,ok,24.98,,200,3000078095504.6,2,0,2,2,4,2538,159286752,/home/athenas/JPP/JPP/results/plans/dim10mb/q4-auto-default-10MiB-r5.txt
dim10mb,q4,auto,22821,admits-1:date,5,ok,47.05,,200,3000078095504.6,1,1,4,1,5,332,1069024,/home/athenas/JPP/JPP/results/plans/dim10mb/q4-auto-admits-1:date-r5.txt
dim10mb,q4,auto,363779,admits-2:date+supplier,5,ok,44.49,,200,3000078095504.6,1,1,4,1,5,348,1069024,/home/athenas/JPP/JPP/results/plans/dim10mb/q4-auto-admits-2:date+supplier-r5.txt
dim10mb,q4,auto,2512573,admits-3:date+supplier+part,5,ok,46.03,,200,3000078095504.6,1,1,4,1,5,367,1069024,/home/athenas/JPP/JPP/results/plans/dim10mb/q4-auto-admits-3:date+supplier+part-r5.txt
dim10mb,q4,auto,7876670,admits-4:date+supplier+part+customer,5,ok,24.57,,200,3000078095504.6,2,0,2,2,4,2124,159286752,/home/athenas/JPP/JPP/results/plans/dim10mb/q4-auto-admits-4:date+supplier+part+customer-r5.txt
dim10mb,q4,auto,63013352,above-all-8x,5,ok,24.63,,200,3000078095504.6,2,0,2,2,4,2597,159286752,/home/athenas/JPP/JPP/results/plans/dim10mb/q4-auto-above-all-8x-r5.txt
dim100mb,q3,joinless,-1,pattern,1,ok,27.14,10.09,400,1199919067064.6,0,0,2,0,2,0,0,/home/athenas/JPP/JPP/results/plans/dim100mb/q3-joinless-pattern-r1.txt
dim100mb,q3,auto,10485760,default-10MiB,1,ok,37.74,,400,1199919067064.6,3,1,4,3,7,2027,55812040,/home/athenas/JPP/JPP/results/plans/dim100mb/q3-auto-default-10MiB-r1.txt
dim100mb,q3,auto,22821,admits-1:date,1,ok,66.47,,400,1199919067064.6,1,3,8,1,9,377,1069024,/home/athenas/JPP/JPP/results/plans/dim100mb/q3-auto-admits-1:date-r1.txt
dim100mb,q3,auto,363779,admits-2:date+supplier,1,ok,49.24,,400,1199919067064.6,2,2,6,2,8,1732,11057632,/home/athenas/JPP/JPP/results/plans/dim100mb/q3-auto-admits-2:date+supplier-r1.txt
dim100mb,q3,auto,2512573,admits-3:date+supplier+part,1,ok,48.86,,400,1199919067064.6,2,2,6,2,8,1188,11057632,/home/athenas/JPP/JPP/results/plans/dim100mb/q3-auto-admits-3:date+supplier+part-r1.txt
dim100mb,q3,auto,66777535,admits-4:date+supplier+part+customer,1,ok,30.19,,400,1199919067064.6,4,0,2,4,6,13094,1333350784,/home/athenas/JPP/JPP/results/plans/dim100mb/q3-auto-admits-4:date+supplier+part+customer-r1.txt
dim100mb,q3,auto,534220272,above-all-8x,1,ok,30.28,,400,1199919067064.6,4,0,2,4,6,13239,1333350784,/home/athenas/JPP/JPP/results/plans/dim100mb/q3-auto-above-all-8x-r1.txt
dim100mb,q4,joinless,-1,pattern,1,ok,21.85,8.18,200,3000078095504.6,0,0,2,0,2,0,0,/home/athenas/JPP/JPP/results/plans/dim100mb/q4-joinless-pattern-r1.txt
dim100mb,q4,auto,10485760,default-10MiB,1,ok,46.01,,200,3000078095504.6,1,1,4,1,5,315,1069024,/home/athenas/JPP/JPP/results/plans/dim100mb/q4-auto-default-10MiB-r1.txt
dim100mb,q4,auto,22821,admits-1:date,1,ok,45.71,,200,3000078095504.6,1,1,4,1,5,322,1069024,/home/athenas/JPP/JPP/results/plans/dim100mb/q4-auto-admits-1:date-r1.txt
dim100mb,q4,auto,363779,admits-2:date+supplier,1,ok,48.12,,200,3000078095504.6,1,1,4,1,5,321,1069024,/home/athenas/JPP/JPP/results/plans/dim100mb/q4-auto-admits-2:date+supplier-r1.txt
dim100mb,q4,auto,2512573,admits-3:date+supplier+part,1,ok,45.42,,200,3000078095504.6,1,1,4,1,5,302,1069024,/home/athenas/JPP/JPP/results/plans/dim100mb/q4-auto-admits-3:date+supplier+part-r1.txt
dim100mb,q4,auto,66777535,admits-4:date+supplier+part+customer,1,ok,31.72,,200,3000078095504.6,2,0,2,2,4,9259,1278607768,/home/athenas/JPP/JPP/results/plans/dim100mb/q4-auto-admits-4:date+supplier+part+customer-r1.txt
dim100mb,q4,auto,534220272,above-all-8x,1,ok,31.61,,200,3000078095504.6,2,0,2,2,4,10001,1278607768,/home/athenas/JPP/JPP/results/plans/dim100mb/q4-auto-above-all-8x-r1.txt
dim100mb,q3,joinless,-1,pattern,2,ok,26.50,9.43,400,1199919067064.6,0,0,2,0,2,0,0,/home/athenas/JPP/JPP/results/plans/dim100mb/q3-joinless-pattern-r2.txt
dim100mb,q3,auto,10485760,default-10MiB,2,ok,38.61,,400,1199919067064.6,3,1,4,3,7,2967,55812040,/home/athenas/JPP/JPP/results/plans/dim100mb/q3-auto-default-10MiB-r2.txt
dim100mb,q3,auto,22821,admits-1:date,2,ok,64.81,,400,1199919067064.6,1,3,8,1,9,472,1069024,/home/athenas/JPP/JPP/results/plans/dim100mb/q3-auto-admits-1:date-r2.txt
dim100mb,q3,auto,363779,admits-2:date+supplier,2,ok,50.27,,400,1199919067064.6,2,2,6,2,8,1364,11057632,/home/athenas/JPP/JPP/results/plans/dim100mb/q3-auto-admits-2:date+supplier-r2.txt
dim100mb,q3,auto,2512573,admits-3:date+supplier+part,2,ok,51.75,,400,1199919067064.6,2,2,6,2,8,1111,11057632,/home/athenas/JPP/JPP/results/plans/dim100mb/q3-auto-admits-3:date+supplier+part-r2.txt
dim100mb,q3,auto,66777535,admits-4:date+supplier+part+customer,2,ok,31.59,,400,1199919067064.6,4,0,2,4,6,16099,1333350784,/home/athenas/JPP/JPP/results/plans/dim100mb/q3-auto-admits-4:date+supplier+part+customer-r2.txt
dim100mb,q3,auto,534220272,above-all-8x,2,ok,30.99,,400,1199919067064.6,4,0,2,4,6,12437,1333350784,/home/athenas/JPP/JPP/results/plans/dim100mb/q3-auto-above-all-8x-r2.txt
dim100mb,q4,joinless,-1,pattern,2,ok,22.93,9.55,200,3000078095504.6,0,0,2,0,2,0,0,/home/athenas/JPP/JPP/results/plans/dim100mb/q4-joinless-pattern-r2.txt
dim100mb,q4,auto,10485760,default-10MiB,2,ok,45.52,,200,3000078095504.6,1,1,4,1,5,369,1069024,/home/athenas/JPP/JPP/results/plans/dim100mb/q4-auto-default-10MiB-r2.txt
dim100mb,q4,auto,22821,admits-1:date,2,ok,46.60,,200,3000078095504.6,1,1,4,1,5,325,1069024,/home/athenas/JPP/JPP/results/plans/dim100mb/q4-auto-admits-1:date-r2.txt
dim100mb,q4,auto,363779,admits-2:date+supplier,2,ok,45.32,,200,3000078095504.6,1,1,4,1,5,321,1069024,/home/athenas/JPP/JPP/results/plans/dim100mb/q4-auto-admits-2:date+supplier-r2.txt
dim100mb,q4,auto,2512573,admits-3:date+supplier+part,2,ok,47.21,,200,3000078095504.6,1,1,4,1,5,337,1069024,/home/athenas/JPP/JPP/results/plans/dim100mb/q4-auto-admits-3:date+supplier+part-r2.txt
dim100mb,q4,auto,66777535,admits-4:date+supplier+part+customer,2,ok,31.16,,200,3000078095504.6,2,0,2,2,4,10291,1278607768,/home/athenas/JPP/JPP/results/plans/dim100mb/q4-auto-admits-4:date+supplier+part+customer-r2.txt
dim100mb,q4,auto,534220272,above-all-8x,2,ok,32.78,,200,3000078095504.6,2,0,2,2,4,11431,1278607768,/home/athenas/JPP/JPP/results/plans/dim100mb/q4-auto-above-all-8x-r2.txt
dim100mb,q3,joinless,-1,pattern,3,ok,26.45,9.73,400,1199919067064.6,0,0,2,0,2,0,0,/home/athenas/JPP/JPP/results/plans/dim100mb/q3-joinless-pattern-r3.txt
dim100mb,q3,auto,10485760,default-10MiB,3,ok,37.42,,400,1199919067064.6,3,1,4,3,7,2205,55812040,/home/athenas/JPP/JPP/results/plans/dim100mb/q3-auto-default-10MiB-r3.txt
dim100mb,q3,auto,22821,admits-1:date,3,ok,65.04,,400,1199919067064.6,1,3,8,1,9,465,1069024,/home/athenas/JPP/JPP/results/plans/dim100mb/q3-auto-admits-1:date-r3.txt
dim100mb,q3,auto,363779,admits-2:date+supplier,3,ok,50.41,,400,1199919067064.6,2,2,6,2,8,1077,11057632,/home/athenas/JPP/JPP/results/plans/dim100mb/q3-auto-admits-2:date+supplier-r3.txt
dim100mb,q3,auto,2512573,admits-3:date+supplier+part,3,ok,49.83,,400,1199919067064.6,2,2,6,2,8,1675,11057632,/home/athenas/JPP/JPP/results/plans/dim100mb/q3-auto-admits-3:date+supplier+part-r3.txt
dim100mb,q3,auto,66777535,admits-4:date+supplier+part+customer,3,ok,32.68,,400,1199919067064.6,4,0,2,4,6,13185,1333350784,/home/athenas/JPP/JPP/results/plans/dim100mb/q3-auto-admits-4:date+supplier+part+customer-r3.txt
dim100mb,q3,auto,534220272,above-all-8x,3,ok,29.91,,400,1199919067064.6,4,0,2,4,6,13977,1333350784,/home/athenas/JPP/JPP/results/plans/dim100mb/q3-auto-above-all-8x-r3.txt
dim100mb,q4,joinless,-1,pattern,3,ok,23.61,10.05,200,3000078095504.6,0,0,2,0,2,0,0,/home/athenas/JPP/JPP/results/plans/dim100mb/q4-joinless-pattern-r3.txt
dim100mb,q4,auto,10485760,default-10MiB,3,ok,46.10,,200,3000078095504.6,1,1,4,1,5,343,1069024,/home/athenas/JPP/JPP/results/plans/dim100mb/q4-auto-default-10MiB-r3.txt
dim100mb,q4,auto,22821,admits-1:date,3,ok,47.67,,200,3000078095504.6,1,1,4,1,5,354,1069024,/home/athenas/JPP/JPP/results/plans/dim100mb/q4-auto-admits-1:date-r3.txt
dim100mb,q4,auto,363779,admits-2:date+supplier,3,ok,46.09,,200,3000078095504.6,1,1,4,1,5,325,1069024,/home/athenas/JPP/JPP/results/plans/dim100mb/q4-auto-admits-2:date+supplier-r3.txt
dim100mb,q4,auto,2512573,admits-3:date+supplier+part,3,ok,47.61,,200,3000078095504.6,1,1,4,1,5,339,1069024,/home/athenas/JPP/JPP/results/plans/dim100mb/q4-auto-admits-3:date+supplier+part-r3.txt
dim100mb,q4,auto,66777535,admits-4:date+supplier+part+customer,3,ok,30.81,,200,3000078095504.6,2,0,2,2,4,9714,1278607768,/home/athenas/JPP/JPP/results/plans/dim100mb/q4-auto-admits-4:date+supplier+part+customer-r3.txt
dim100mb,q4,auto,534220272,above-all-8x,3,ok,31.58,,200,3000078095504.6,2,0,2,2,4,10198,1278607768,/home/athenas/JPP/JPP/results/plans/dim100mb/q4-auto-above-all-8x-r3.txt
dim100mb,q3,joinless,-1,pattern,4,ok,28.28,10.81,400,1199919067064.6,0,0,2,0,2,0,0,/home/athenas/JPP/JPP/results/plans/dim100mb/q3-joinless-pattern-r4.txt
dim100mb,q3,auto,10485760,default-10MiB,4,ok,37.13,,400,1199919067064.6,3,1,4,3,7,2183,55812040,/home/athenas/JPP/JPP/results/plans/dim100mb/q3-auto-default-10MiB-r4.txt
dim100mb,q3,auto,22821,admits-1:date,4,ok,66.20,,400,1199919067064.6,1,3,8,1,9,805,1069024,/home/athenas/JPP/JPP/results/plans/dim100mb/q3-auto-admits-1:date-r4.txt
dim100mb,q3,auto,363779,admits-2:date+supplier,4,ok,49.54,,400,1199919067064.6,2,2,6,2,8,1204,11057632,/home/athenas/JPP/JPP/results/plans/dim100mb/q3-auto-admits-2:date+supplier-r4.txt
dim100mb,q3,auto,2512573,admits-3:date+supplier+part,4,ok,49.09,,400,1199919067064.6,2,2,6,2,8,1030,11057632,/home/athenas/JPP/JPP/results/plans/dim100mb/q3-auto-admits-3:date+supplier+part-r4.txt
dim100mb,q3,auto,66777535,admits-4:date+supplier+part+customer,4,ok,30.74,,400,1199919067064.6,4,0,2,4,6,12873,1333350784,/home/athenas/JPP/JPP/results/plans/dim100mb/q3-auto-admits-4:date+supplier+part+customer-r4.txt
dim100mb,q3,auto,534220272,above-all-8x,4,ok,31.43,,400,1199919067064.6,4,0,2,4,6,14051,1333350784,/home/athenas/JPP/JPP/results/plans/dim100mb/q3-auto-above-all-8x-r4.txt
dim100mb,q4,joinless,-1,pattern,4,ok,24.01,10.27,200,3000078095504.6,0,0,2,0,2,0,0,/home/athenas/JPP/JPP/results/plans/dim100mb/q4-joinless-pattern-r4.txt
dim100mb,q4,auto,10485760,default-10MiB,4,ok,47.18,,200,3000078095504.6,1,1,4,1,5,318,1069024,/home/athenas/JPP/JPP/results/plans/dim100mb/q4-auto-default-10MiB-r4.txt
dim100mb,q4,auto,22821,admits-1:date,4,ok,45.94,,200,3000078095504.6,1,1,4,1,5,321,1069024,/home/athenas/JPP/JPP/results/plans/dim100mb/q4-auto-admits-1:date-r4.txt
dim100mb,q4,auto,363779,admits-2:date+supplier,4,ok,47.98,,200,3000078095504.6,1,1,4,1,5,327,1069024,/home/athenas/JPP/JPP/results/plans/dim100mb/q4-auto-admits-2:date+supplier-r4.txt
dim100mb,q4,auto,2512573,admits-3:date+supplier+part,4,ok,47.22,,200,3000078095504.6,1,1,4,1,5,337,1069024,/home/athenas/JPP/JPP/results/plans/dim100mb/q4-auto-admits-3:date+supplier+part-r4.txt
dim100mb,q4,auto,66777535,admits-4:date+supplier+part+customer,4,ok,30.62,,200,3000078095504.6,2,0,2,2,4,9760,1278607768,/home/athenas/JPP/JPP/results/plans/dim100mb/q4-auto-admits-4:date+supplier+part+customer-r4.txt
dim100mb,q4,auto,534220272,above-all-8x,4,ok,30.93,,200,3000078095504.6,2,0,2,2,4,10592,1278607768,/home/athenas/JPP/JPP/results/plans/dim100mb/q4-auto-above-all-8x-r4.txt
dim100mb,q3,joinless,-1,pattern,5,ok,25.49,9.05,400,1199919067064.6,0,0,2,0,2,0,0,/home/athenas/JPP/JPP/results/plans/dim100mb/q3-joinless-pattern-r5.txt
dim100mb,q3,auto,10485760,default-10MiB,5,ok,37.59,,400,1199919067064.6,3,1,4,3,7,2428,55812040,/home/athenas/JPP/JPP/results/plans/dim100mb/q3-auto-default-10MiB-r5.txt
dim100mb,q3,auto,22821,admits-1:date,5,ok,63.92,,400,1199919067064.6,1,3,8,1,9,390,1069024,/home/athenas/JPP/JPP/results/plans/dim100mb/q3-auto-admits-1:date-r5.txt
dim100mb,q3,auto,363779,admits-2:date+supplier,5,ok,51.02,,400,1199919067064.6,2,2,6,2,8,1800,11057632,/home/athenas/JPP/JPP/results/plans/dim100mb/q3-auto-admits-2:date+supplier-r5.txt
dim100mb,q3,auto,2512573,admits-3:date+supplier+part,5,ok,47.90,,400,1199919067064.6,2,2,6,2,8,1062,11057632,/home/athenas/JPP/JPP/results/plans/dim100mb/q3-auto-admits-3:date+supplier+part-r5.txt
dim100mb,q3,auto,66777535,admits-4:date+supplier+part+customer,5,ok,28.73,,400,1199919067064.6,4,0,2,4,6,13231,1333350784,/home/athenas/JPP/JPP/results/plans/dim100mb/q3-auto-admits-4:date+supplier+part+customer-r5.txt
dim100mb,q3,auto,534220272,above-all-8x,5,ok,29.99,,400,1199919067064.6,4,0,2,4,6,15117,1333350784,/home/athenas/JPP/JPP/results/plans/dim100mb/q3-auto-above-all-8x-r5.txt
dim100mb,q4,joinless,-1,pattern,5,ok,23.20,9.69,200,3000078095504.6,0,0,2,0,2,0,0,/home/athenas/JPP/JPP/results/plans/dim100mb/q4-joinless-pattern-r5.txt
dim100mb,q4,auto,10485760,default-10MiB,5,ok,46.73,,200,3000078095504.6,1,1,4,1,5,322,1069024,/home/athenas/JPP/JPP/results/plans/dim100mb/q4-auto-default-10MiB-r5.txt
dim100mb,q4,auto,22821,admits-1:date,5,ok,48.64,,200,3000078095504.6,1,1,4,1,5,353,1069024,/home/athenas/JPP/JPP/results/plans/dim100mb/q4-auto-admits-1:date-r5.txt
dim100mb,q4,auto,363779,admits-2:date+supplier,5,ok,46.30,,200,3000078095504.6,1,1,4,1,5,379,1069024,/home/athenas/JPP/JPP/results/plans/dim100mb/q4-auto-admits-2:date+supplier-r5.txt
dim100mb,q4,auto,2512573,admits-3:date+supplier+part,5,ok,45.92,,200,3000078095504.6,1,1,4,1,5,302,1069024,/home/athenas/JPP/JPP/results/plans/dim100mb/q4-auto-admits-3:date+supplier+part-r5.txt
dim100mb,q4,auto,66777535,admits-4:date+supplier+part+customer,5,ok,31.83,,200,3000078095504.6,2,0,2,2,4,9922,1278607768,/home/athenas/JPP/JPP/results/plans/dim100mb/q4-auto-admits-4:date+supplier+part+customer-r5.txt
dim100mb,q4,auto,534220272,above-all-8x,5,ok,31.64,,200,3000078095504.6,2,0,2,2,4,10306,1278607768,/home/athenas/JPP/JPP/results/plans/dim100mb/q4-auto-above-all-8x-r5.txt
dim1000mb,q2,joinless,-1,pattern,1,ok,111.39,97.18,40,120015240211.4,0,0,2,0,2,0,0,/home/athenas/JPP/JPP/results/plans/dim1000mb/q2-joinless-pattern-r1.txt
dim1000mb,q2,auto,10485760,default-10MiB,1,ok,24.63,,40,120015240211.4,3,1,4,3,7,2175,82026432,/home/athenas/JPP/JPP/results/plans/dim1000mb/q2-auto-default-10MiB-r1.txt
dim1000mb,q2,auto,22821,admits-1:date,1,ok,29.86,,40,120015240211.4,1,3,8,1,9,438,1069024,/home/athenas/JPP/JPP/results/plans/dim1000mb/q2-auto-admits-1:date-r1.txt
dim1000mb,q2,auto,363779,admits-2:date+supplier,1,ok,26.38,,40,120015240211.4,2,2,6,2,8,1554,3717568,/home/athenas/JPP/JPP/results/plans/dim1000mb/q2-auto-admits-2:date+supplier-r1.txt
dim1000mb,q2,auto,2512573,admits-3:date+supplier+part,1,ok,25.07,,40,120015240211.4,3,1,4,3,7,3262,82026432,/home/athenas/JPP/JPP/results/plans/dim1000mb/q2-auto-admits-3:date+supplier+part-r1.txt
dim1000mb,q2,auto,667655909,admits-4:date+supplier+part+customer,1,ok,31.37,,40,120015240211.4,4,0,2,4,6,27532,4267479248,/home/athenas/JPP/JPP/results/plans/dim1000mb/q2-auto-admits-4:date+supplier+part+customer-r1.txt
dim1000mb,q2,auto,5341247264,above-all-8x,1,ok,30.05,,40,120015240211.4,4,0,2,4,6,22972,4267479248,/home/athenas/JPP/JPP/results/plans/dim1000mb/q2-auto-above-all-8x-r1.txt
dim1000mb,q2,joinless,-1,pattern,2,ok,111.25,98.00,40,120015240211.4,0,0,2,0,2,0,0,/home/athenas/JPP/JPP/results/plans/dim1000mb/q2-joinless-pattern-r2.txt
dim1000mb,q2,auto,10485760,default-10MiB,2,ok,23.77,,40,120015240211.4,3,1,4,3,7,2357,82026432,/home/athenas/JPP/JPP/results/plans/dim1000mb/q2-auto-default-10MiB-r2.txt
dim1000mb,q2,auto,22821,admits-1:date,2,ok,30.93,,40,120015240211.4,1,3,8,1,9,434,1069024,/home/athenas/JPP/JPP/results/plans/dim1000mb/q2-auto-admits-1:date-r2.txt
dim1000mb,q2,auto,363779,admits-2:date+supplier,2,ok,26.74,,40,120015240211.4,2,2,6,2,8,1043,3717568,/home/athenas/JPP/JPP/results/plans/dim1000mb/q2-auto-admits-2:date+supplier-r2.txt
dim1000mb,q2,auto,2512573,admits-3:date+supplier+part,2,ok,24.78,,40,120015240211.4,3,1,4,3,7,2213,82026432,/home/athenas/JPP/JPP/results/plans/dim1000mb/q2-auto-admits-3:date+supplier+part-r2.txt
dim1000mb,q2,auto,667655909,admits-4:date+supplier+part+customer,2,ok,29.74,,40,120015240211.4,4,0,2,4,6,27338,4267479248,/home/athenas/JPP/JPP/results/plans/dim1000mb/q2-auto-admits-4:date+supplier+part+customer-r2.txt
dim1000mb,q2,auto,5341247264,above-all-8x,2,ok,28.39,,40,120015240211.4,4,0,2,4,6,20172,4267479248,/home/athenas/JPP/JPP/results/plans/dim1000mb/q2-auto-above-all-8x-r2.txt
dim1000mb,q2,joinless,-1,pattern,3,ok,109.37,95.46,40,120015240211.4,0,0,2,0,2,0,0,/home/athenas/JPP/JPP/results/plans/dim1000mb/q2-joinless-pattern-r3.txt
dim1000mb,q2,auto,10485760,default-10MiB,3,ok,25.27,,40,120015240211.4,3,1,4,3,7,2435,82026432,/home/athenas/JPP/JPP/results/plans/dim1000mb/q2-auto-default-10MiB-r3.txt
dim1000mb,q2,auto,22821,admits-1:date,3,ok,29.70,,40,120015240211.4,1,3,8,1,9,672,1069024,/home/athenas/JPP/JPP/results/plans/dim1000mb/q2-auto-admits-1:date-r3.txt
dim1000mb,q2,auto,363779,admits-2:date+supplier,3,ok,27.07,,40,120015240211.4,2,2,6,2,8,1483,3717568,/home/athenas/JPP/JPP/results/plans/dim1000mb/q2-auto-admits-2:date+supplier-r3.txt
dim1000mb,q2,auto,2512573,admits-3:date+supplier+part,3,ok,25.49,,40,120015240211.4,3,1,4,3,7,3013,82026432,/home/athenas/JPP/JPP/results/plans/dim1000mb/q2-auto-admits-3:date+supplier+part-r3.txt
dim1000mb,q2,auto,667655909,admits-4:date+supplier+part+customer,3,ok,31.31,,40,120015240211.4,4,0,2,4,6,26467,4267479248,/home/athenas/JPP/JPP/results/plans/dim1000mb/q2-auto-admits-4:date+supplier+part+customer-r3.txt
dim1000mb,q2,auto,5341247264,above-all-8x,3,ok,29.54,,40,120015240211.4,4,0,2,4,6,25860,4267479248,/home/athenas/JPP/JPP/results/plans/dim1000mb/q2-auto-above-all-8x-r3.txt
dim1000mb,q2,joinless,-1,pattern,4,ok,106.36,92.58,40,120015240211.4,0,0,2,0,2,0,0,/home/athenas/JPP/JPP/results/plans/dim1000mb/q2-joinless-pattern-r4.txt
dim1000mb,q2,auto,10485760,default-10MiB,4,ok,25.10,,40,120015240211.4,3,1,4,3,7,2323,82026432,/home/athenas/JPP/JPP/results/plans/dim1000mb/q2-auto-default-10MiB-r4.txt
dim1000mb,q2,auto,22821,admits-1:date,4,ok,30.00,,40,120015240211.4,1,3,8,1,9,388,1069024,/home/athenas/JPP/JPP/results/plans/dim1000mb/q2-auto-admits-1:date-r4.txt
dim1000mb,q2,auto,363779,admits-2:date+supplier,4,ok,26.52,,40,120015240211.4,2,2,6,2,8,924,3717568,/home/athenas/JPP/JPP/results/plans/dim1000mb/q2-auto-admits-2:date+supplier-r4.txt
dim1000mb,q2,auto,2512573,admits-3:date+supplier+part,4,ok,24.47,,40,120015240211.4,3,1,4,3,7,2745,82026432,/home/athenas/JPP/JPP/results/plans/dim1000mb/q2-auto-admits-3:date+supplier+part-r4.txt
dim1000mb,q2,auto,667655909,admits-4:date+supplier+part+customer,4,ok,32.09,,40,120015240211.4,4,0,2,4,6,26498,4267479248,/home/athenas/JPP/JPP/results/plans/dim1000mb/q2-auto-admits-4:date+supplier+part+customer-r4.txt
dim1000mb,q2,auto,5341247264,above-all-8x,4,ok,31.68,,40,120015240211.4,4,0,2,4,6,26547,4267479248,/home/athenas/JPP/JPP/results/plans/dim1000mb/q2-auto-above-all-8x-r4.txt
dim1000mb,q2,joinless,-1,pattern,5,ok,107.80,93.76,40,120015240211.4,0,0,2,0,2,0,0,/home/athenas/JPP/JPP/results/plans/dim1000mb/q2-joinless-pattern-r5.txt
dim1000mb,q2,auto,10485760,default-10MiB,5,ok,25.02,,40,120015240211.4,3,1,4,3,7,2786,82026432,/home/athenas/JPP/JPP/results/plans/dim1000mb/q2-auto-default-10MiB-r5.txt
dim1000mb,q2,auto,22821,admits-1:date,5,ok,30.03,,40,120015240211.4,1,3,8,1,9,801,1069024,/home/athenas/JPP/JPP/results/plans/dim1000mb/q2-auto-admits-1:date-r5.txt
dim1000mb,q2,auto,363779,admits-2:date+supplier,5,ok,26.60,,40,120015240211.4,2,2,6,2,8,914,3717568,/home/athenas/JPP/JPP/results/plans/dim1000mb/q2-auto-admits-2:date+supplier-r5.txt
dim1000mb,q2,auto,2512573,admits-3:date+supplier+part,5,ok,25.27,,40,120015240211.4,3,1,4,3,7,3201,82026432,/home/athenas/JPP/JPP/results/plans/dim1000mb/q2-auto-admits-3:date+supplier+part-r5.txt
dim1000mb,q2,auto,667655909,admits-4:date+supplier+part+customer,5,ok,30.96,,40,120015240211.4,4,0,2,4,6,24875,4267479248,/home/athenas/JPP/JPP/results/plans/dim1000mb/q2-auto-admits-4:date+supplier+part+customer-r5.txt
dim1000mb,q2,auto,5341247264,above-all-8x,5,ok,32.02,,40,120015240211.4,4,0,2,4,6,30579,4267479248,/home/athenas/JPP/JPP/results/plans/dim1000mb/q2-auto-above-all-8x-r5.txt
dim1000mb,q3,joinless,-1,pattern,1,ok,89.86,73.64,400,1199919067064.6,0,0,2,0,2,0,0,/home/athenas/JPP/JPP/results/plans/dim1000mb/q3-joinless-pattern-r1.txt
dim1000mb,q3,auto,10485760,default-10MiB,1,ok,48.44,,400,1199919067064.6,3,1,4,3,7,2417,55812040,/home/athenas/JPP/JPP/results/plans/dim1000mb/q3-auto-default-10MiB-r1.txt
dim1000mb,q3,auto,22821,admits-1:date,1,ok,76.26,,400,1199919067064.6,1,3,8,1,9,438,1069024,/home/athenas/JPP/JPP/results/plans/dim1000mb/q3-auto-admits-1:date-r1.txt
dim1000mb,q3,auto,363779,admits-2:date+supplier,1,ok,60.15,,400,1199919067064.6,2,2,6,2,8,1284,11057632,/home/athenas/JPP/JPP/results/plans/dim1000mb/q3-auto-admits-2:date+supplier-r1.txt
dim1000mb,q3,auto,2512573,admits-3:date+supplier+part,1,ok,58.22,,400,1199919067064.6,2,2,6,2,8,1116,11057632,/home/athenas/JPP/JPP/results/plans/dim1000mb/q3-auto-admits-3:date+supplier+part-r1.txt
dim1000mb,q3,auto,667655909,admits-4:date+supplier+part+customer,1,fail:maxResultSize,,,,,,,,,,,,
dim1000mb,q3,auto,5341247264,above-all-8x,1,fail:maxResultSize,,,,,,,,,,,,
dim1000mb,q3,joinless,-1,pattern,2,ok,88.06,71.74,400,1199919067064.6,0,0,2,0,2,0,0,/home/athenas/JPP/JPP/results/plans/dim1000mb/q3-joinless-pattern-r2.txt
dim1000mb,q3,auto,10485760,default-10MiB,2,ok,47.06,,400,1199919067064.6,3,1,4,3,7,2572,55812040,/home/athenas/JPP/JPP/results/plans/dim1000mb/q3-auto-default-10MiB-r2.txt
dim1000mb,q3,auto,22821,admits-1:date,2,ok,75.30,,400,1199919067064.6,1,3,8,1,9,720,1069024,/home/athenas/JPP/JPP/results/plans/dim1000mb/q3-auto-admits-1:date-r2.txt
dim1000mb,q3,auto,363779,admits-2:date+supplier,2,ok,61.47,,400,1199919067064.6,2,2,6,2,8,1056,11057632,/home/athenas/JPP/JPP/results/plans/dim1000mb/q3-auto-admits-2:date+supplier-r2.txt
dim1000mb,q3,auto,2512573,admits-3:date+supplier+part,2,ok,60.89,,400,1199919067064.6,2,2,6,2,8,1189,11057632,/home/athenas/JPP/JPP/results/plans/dim1000mb/q3-auto-admits-3:date+supplier+part-r2.txt
dim1000mb,q3,auto,667655909,admits-4:date+supplier+part+customer,2,fail:maxResultSize,,,,,,,,,,,,
dim1000mb,q3,auto,5341247264,above-all-8x,2,fail:maxResultSize,,,,,,,,,,,,
dim1000mb,q3,joinless,-1,pattern,3,ok,88.85,72.57,400,1199919067064.6,0,0,2,0,2,0,0,/home/athenas/JPP/JPP/results/plans/dim1000mb/q3-joinless-pattern-r3.txt
dim1000mb,q3,auto,10485760,default-10MiB,3,ok,46.65,,400,1199919067064.6,3,1,4,3,7,2250,55812040,/home/athenas/JPP/JPP/results/plans/dim1000mb/q3-auto-default-10MiB-r3.txt
dim1000mb,q3,auto,22821,admits-1:date,3,ok,76.22,,400,1199919067064.6,1,3,8,1,9,816,1069024,/home/athenas/JPP/JPP/results/plans/dim1000mb/q3-auto-admits-1:date-r3.txt
dim1000mb,q3,auto,363779,admits-2:date+supplier,3,ok,62.31,,400,1199919067064.6,2,2,6,2,8,1332,11057632,/home/athenas/JPP/JPP/results/plans/dim1000mb/q3-auto-admits-2:date+supplier-r3.txt
dim1000mb,q3,auto,2512573,admits-3:date+supplier+part,3,ok,61.64,,400,1199919067064.6,2,2,6,2,8,1264,11057632,/home/athenas/JPP/JPP/results/plans/dim1000mb/q3-auto-admits-3:date+supplier+part-r3.txt
dim1000mb,q3,auto,667655909,admits-4:date+supplier+part+customer,3,fail:maxResultSize,,,,,,,,,,,,
dim1000mb,q3,auto,5341247264,above-all-8x,3,fail:maxResultSize,,,,,,,,,,,,
dim1000mb,q3,joinless,-1,pattern,4,ok,90.39,73.85,400,1199919067064.6,0,0,2,0,2,0,0,/home/athenas/JPP/JPP/results/plans/dim1000mb/q3-joinless-pattern-r4.txt
dim1000mb,q3,auto,10485760,default-10MiB,4,ok,47.79,,400,1199919067064.6,3,1,4,3,7,2327,55812040,/home/athenas/JPP/JPP/results/plans/dim1000mb/q3-auto-default-10MiB-r4.txt
dim1000mb,q3,auto,22821,admits-1:date,4,ok,77.88,,400,1199919067064.6,1,3,8,1,9,431,1069024,/home/athenas/JPP/JPP/results/plans/dim1000mb/q3-auto-admits-1:date-r4.txt
dim1000mb,q3,auto,363779,admits-2:date+supplier,4,ok,59.78,,400,1199919067064.6,2,2,6,2,8,1312,11057632,/home/athenas/JPP/JPP/results/plans/dim1000mb/q3-auto-admits-2:date+supplier-r4.txt
dim1000mb,q3,auto,2512573,admits-3:date+supplier+part,4,ok,62.03,,400,1199919067064.6,2,2,6,2,8,1161,11057632,/home/athenas/JPP/JPP/results/plans/dim1000mb/q3-auto-admits-3:date+supplier+part-r4.txt
dim1000mb,q3,auto,667655909,admits-4:date+supplier+part+customer,4,fail:maxResultSize,,,,,,,,,,,,
dim1000mb,q3,auto,5341247264,above-all-8x,4,fail:maxResultSize,,,,,,,,,,,,
dim1000mb,q3,joinless,-1,pattern,5,ok,86.42,70.02,400,1199919067064.6,0,0,2,0,2,0,0,/home/athenas/JPP/JPP/results/plans/dim1000mb/q3-joinless-pattern-r5.txt
dim1000mb,q3,auto,10485760,default-10MiB,5,ok,48.18,,400,1199919067064.6,3,1,4,3,7,3935,55812040,/home/athenas/JPP/JPP/results/plans/dim1000mb/q3-auto-default-10MiB-r5.txt
dim1000mb,q3,auto,22821,admits-1:date,5,ok,81.74,,400,1199919067064.6,1,3,8,1,9,866,1069024,/home/athenas/JPP/JPP/results/plans/dim1000mb/q3-auto-admits-1:date-r5.txt
dim1000mb,q3,auto,363779,admits-2:date+supplier,5,ok,61.02,,400,1199919067064.6,2,2,6,2,8,1731,11057632,/home/athenas/JPP/JPP/results/plans/dim1000mb/q3-auto-admits-2:date+supplier-r5.txt
dim1000mb,q3,auto,2512573,admits-3:date+supplier+part,5,ok,61.85,,400,1199919067064.6,2,2,6,2,8,1460,11057632,/home/athenas/JPP/JPP/results/plans/dim1000mb/q3-auto-admits-3:date+supplier+part-r5.txt
dim1000mb,q3,auto,667655909,admits-4:date+supplier+part+customer,5,fail:maxResultSize,,,,,,,,,,,,
dim1000mb,q3,auto,5341247264,above-all-8x,5,fail:maxResultSize,,,,,,,,,,,,
dim1000mb,q4,joinless,-1,pattern,1,ok,80.59,67.29,200,3000078095504.6,0,0,2,0,2,0,0,/home/athenas/JPP/JPP/results/plans/dim1000mb/q4-joinless-pattern-r1.txt
dim1000mb,q4,auto,10485760,default-10MiB,1,ok,57.45,,200,3000078095504.6,1,1,4,1,5,303,1069024,/home/athenas/JPP/JPP/results/plans/dim1000mb/q4-auto-default-10MiB-r1.txt
dim1000mb,q4,auto,22821,admits-1:date,1,ok,54.60,,200,3000078095504.6,1,1,4,1,5,317,1069024,/home/athenas/JPP/JPP/results/plans/dim1000mb/q4-auto-admits-1:date-r1.txt
dim1000mb,q4,auto,363779,admits-2:date+supplier,1,ok,57.28,,200,3000078095504.6,1,1,4,1,5,446,1069024,/home/athenas/JPP/JPP/results/plans/dim1000mb/q4-auto-admits-2:date+supplier-r1.txt
dim1000mb,q4,auto,2512573,admits-3:date+supplier+part,1,ok,57.19,,200,3000078095504.6,1,1,4,1,5,342,1069024,/home/athenas/JPP/JPP/results/plans/dim1000mb/q4-auto-admits-3:date+supplier+part-r1.txt
dim1000mb,q4,auto,667655909,admits-4:date+supplier+part+customer,1,fail:maxResultSize,,,,,,,,,,,,
dim1000mb,q4,auto,5341247264,above-all-8x,1,fail:maxResultSize,,,,,,,,,,,,
dim1000mb,q4,joinless,-1,pattern,2,ok,83.47,69.93,200,3000078095504.6,0,0,2,0,2,0,0,/home/athenas/JPP/JPP/results/plans/dim1000mb/q4-joinless-pattern-r2.txt
dim1000mb,q4,auto,10485760,default-10MiB,2,ok,57.81,,200,3000078095504.6,1,1,4,1,5,353,1069024,/home/athenas/JPP/JPP/results/plans/dim1000mb/q4-auto-default-10MiB-r2.txt
dim1000mb,q4,auto,22821,admits-1:date,2,ok,56.52,,200,3000078095504.6,1,1,4,1,5,315,1069024,/home/athenas/JPP/JPP/results/plans/dim1000mb/q4-auto-admits-1:date-r2.txt
dim1000mb,q4,auto,363779,admits-2:date+supplier,2,ok,57.57,,200,3000078095504.6,1,1,4,1,5,341,1069024,/home/athenas/JPP/JPP/results/plans/dim1000mb/q4-auto-admits-2:date+supplier-r2.txt
dim1000mb,q4,auto,2512573,admits-3:date+supplier+part,2,ok,56.24,,200,3000078095504.6,1,1,4,1,5,327,1069024,/home/athenas/JPP/JPP/results/plans/dim1000mb/q4-auto-admits-3:date+supplier+part-r2.txt
dim1000mb,q4,auto,667655909,admits-4:date+supplier+part+customer,2,fail:maxResultSize,,,,,,,,,,,,
dim1000mb,q4,auto,5341247264,above-all-8x,2,fail:maxResultSize,,,,,,,,,,,,
dim1000mb,q4,joinless,-1,pattern,3,ok,83.30,69.95,200,3000078095504.6,0,0,2,0,2,0,0,/home/athenas/JPP/JPP/results/plans/dim1000mb/q4-joinless-pattern-r3.txt
dim1000mb,q4,auto,10485760,default-10MiB,3,ok,56.89,,200,3000078095504.6,1,1,4,1,5,306,1069024,/home/athenas/JPP/JPP/results/plans/dim1000mb/q4-auto-default-10MiB-r3.txt
dim1000mb,q4,auto,22821,admits-1:date,3,ok,57.50,,200,3000078095504.6,1,1,4,1,5,408,1069024,/home/athenas/JPP/JPP/results/plans/dim1000mb/q4-auto-admits-1:date-r3.txt
dim1000mb,q4,auto,363779,admits-2:date+supplier,3,ok,58.53,,200,3000078095504.6,1,1,4,1,5,338,1069024,/home/athenas/JPP/JPP/results/plans/dim1000mb/q4-auto-admits-2:date+supplier-r3.txt
dim1000mb,q4,auto,2512573,admits-3:date+supplier+part,3,ok,56.61,,200,3000078095504.6,1,1,4,1,5,292,1069024,/home/athenas/JPP/JPP/results/plans/dim1000mb/q4-auto-admits-3:date+supplier+part-r3.txt
dim1000mb,q4,auto,667655909,admits-4:date+supplier+part+customer,3,fail:maxResultSize,,,,,,,,,,,,
dim1000mb,q4,auto,5341247264,above-all-8x,3,fail:maxResultSize,,,,,,,,,,,,
dim1000mb,q4,joinless,-1,pattern,4,ok,78.29,65.41,200,3000078095504.6,0,0,2,0,2,0,0,/home/athenas/JPP/JPP/results/plans/dim1000mb/q4-joinless-pattern-r4.txt
dim1000mb,q4,auto,10485760,default-10MiB,4,ok,56.26,,200,3000078095504.6,1,1,4,1,5,342,1069024,/home/athenas/JPP/JPP/results/plans/dim1000mb/q4-auto-default-10MiB-r4.txt
dim1000mb,q4,auto,22821,admits-1:date,4,ok,55.84,,200,3000078095504.6,1,1,4,1,5,340,1069024,/home/athenas/JPP/JPP/results/plans/dim1000mb/q4-auto-admits-1:date-r4.txt
dim1000mb,q4,auto,363779,admits-2:date+supplier,4,ok,57.93,,200,3000078095504.6,1,1,4,1,5,331,1069024,/home/athenas/JPP/JPP/results/plans/dim1000mb/q4-auto-admits-2:date+supplier-r4.txt
dim1000mb,q4,auto,2512573,admits-3:date+supplier+part,4,ok,56.68,,200,3000078095504.6,1,1,4,1,5,330,1069024,/home/athenas/JPP/JPP/results/plans/dim1000mb/q4-auto-admits-3:date+supplier+part-r4.txt
dim1000mb,q4,auto,667655909,admits-4:date+supplier+part+customer,4,fail:maxResultSize,,,,,,,,,,,,
dim1000mb,q4,auto,5341247264,above-all-8x,4,fail:maxResultSize,,,,,,,,,,,,
dim1000mb,q4,joinless,-1,pattern,5,ok,82.59,70.16,200,3000078095504.6,0,0,2,0,2,0,0,/home/athenas/JPP/JPP/results/plans/dim1000mb/q4-joinless-pattern-r5.txt
dim1000mb,q4,auto,10485760,default-10MiB,5,ok,58.36,,200,3000078095504.6,1,1,4,1,5,365,1069024,/home/athenas/JPP/JPP/results/plans/dim1000mb/q4-auto-default-10MiB-r5.txt
dim1000mb,q4,auto,22821,admits-1:date,5,ok,61.79,,200,3000078095504.6,1,1,4,1,5,331,1069024,/home/athenas/JPP/JPP/results/plans/dim1000mb/q4-auto-admits-1:date-r5.txt
dim1000mb,q4,auto,363779,admits-2:date+supplier,5,ok,57.04,,200,3000078095504.6,1,1,4,1,5,337,1069024,/home/athenas/JPP/JPP/results/plans/dim1000mb/q4-auto-admits-2:date+supplier-r5.txt
dim1000mb,q4,auto,2512573,admits-3:date+supplier+part,5,ok,56.95,,200,3000078095504.6,1,1,4,1,5,305,1069024,/home/athenas/JPP/JPP/results/plans/dim1000mb/q4-auto-admits-3:date+supplier+part-r5.txt
dim1000mb,q4,auto,667655909,admits-4:date+supplier+part+customer,5,fail:maxResultSize,,,,,,,,,,,,
dim1000mb,q4,auto,5341247264,above-all-8x,5,fail:maxResultSize,,,,,,,,,,,,
dim1000mb,q1,joinless,-1,pattern,1,ok,82.75,65.93,200,3000078095504.6,0,0,2,0,2,0,0,/home/athenas/JPP/JPP/results/plans/dim1000mb/q1-joinless-pattern-r1.txt
dim1000mb,q1,auto,10485760,default-10MiB,1,ok,71.89,,200,3000078095504.6,3,1,4,3,7,1941,89366496,/home/athenas/JPP/JPP/results/plans/dim1000mb/q1-auto-default-10MiB-r1.txt
dim1000mb,q1,auto,22821,admits-1:date,1,ok,155.32,,200,3000078095504.6,1,3,8,1,9,415,1069024,/home/athenas/JPP/JPP/results/plans/dim1000mb/q1-auto-admits-1:date-r1.txt
dim1000mb,q1,auto,363779,admits-2:date+supplier,1,ok,106.74,,200,3000078095504.6,2,2,6,2,8,948,11057632,/home/athenas/JPP/JPP/results/plans/dim1000mb/q1-auto-admits-2:date+supplier-r1.txt
dim1000mb,q1,auto,2512573,admits-3:date+supplier+part,1,ok,71.11,,200,3000078095504.6,3,1,4,3,7,2260,89366496,/home/athenas/JPP/JPP/results/plans/dim1000mb/q1-auto-admits-3:date+supplier+part-r1.txt
dim1000mb,q1,auto,667655909,admits-4:date+supplier+part+customer,1,fail:maxResultSize,,,,,,,,,,,,
dim1000mb,q1,auto,5341247264,above-all-8x,1,fail:maxResultSize,,,,,,,,,,,,
dim1000mb,q1,joinless,-1,pattern,2,ok,86.50,69.26,200,3000078095504.6,0,0,2,0,2,0,0,/home/athenas/JPP/JPP/results/plans/dim1000mb/q1-joinless-pattern-r2.txt
dim1000mb,q1,auto,10485760,default-10MiB,2,ok,67.28,,200,3000078095504.6,3,1,4,3,7,2225,89366496,/home/athenas/JPP/JPP/results/plans/dim1000mb/q1-auto-default-10MiB-r2.txt
dim1000mb,q1,auto,22821,admits-1:date,2,ok,148.06,,200,3000078095504.6,1,3,8,1,9,444,1069024,/home/athenas/JPP/JPP/results/plans/dim1000mb/q1-auto-admits-1:date-r2.txt
dim1000mb,q1,auto,363779,admits-2:date+supplier,2,ok,106.84,,200,3000078095504.6,2,2,6,2,8,973,11057632,/home/athenas/JPP/JPP/results/plans/dim1000mb/q1-auto-admits-2:date+supplier-r2.txt
dim1000mb,q1,auto,2512573,admits-3:date+supplier+part,2,ok,67.62,,200,3000078095504.6,3,1,4,3,7,2082,89366496,/home/athenas/JPP/JPP/results/plans/dim1000mb/q1-auto-admits-3:date+supplier+part-r2.txt
dim1000mb,q1,auto,667655909,admits-4:date+supplier+part+customer,2,fail:maxResultSize,,,,,,,,,,,,
dim1000mb,q1,auto,5341247264,above-all-8x,2,fail:maxResultSize,,,,,,,,,,,,
dim1000mb,q1,joinless,-1,pattern,3,ok,84.40,68.74,200,3000078095504.6,0,0,2,0,2,0,0,/home/athenas/JPP/JPP/results/plans/dim1000mb/q1-joinless-pattern-r3.txt
dim1000mb,q1,auto,10485760,default-10MiB,3,ok,67.04,,200,3000078095504.6,3,1,4,3,7,2366,89366496,/home/athenas/JPP/JPP/results/plans/dim1000mb/q1-auto-default-10MiB-r3.txt
dim1000mb,q1,auto,22821,admits-1:date,3,ok,140.72,,200,3000078095504.6,1,3,8,1,9,307,1069024,/home/athenas/JPP/JPP/results/plans/dim1000mb/q1-auto-admits-1:date-r3.txt
dim1000mb,q1,auto,363779,admits-2:date+supplier,3,ok,107.28,,200,3000078095504.6,2,2,6,2,8,936,11057632,/home/athenas/JPP/JPP/results/plans/dim1000mb/q1-auto-admits-2:date+supplier-r3.txt
dim1000mb,q1,auto,2512573,admits-3:date+supplier+part,3,ok,70.97,,200,3000078095504.6,3,1,4,3,7,2277,89366496,/home/athenas/JPP/JPP/results/plans/dim1000mb/q1-auto-admits-3:date+supplier+part-r3.txt
dim1000mb,q1,auto,667655909,admits-4:date+supplier+part+customer,3,fail:maxResultSize,,,,,,,,,,,,
dim1000mb,q1,auto,5341247264,above-all-8x,3,fail:maxResultSize,,,,,,,,,,,,
dim1000mb,q1,joinless,-1,pattern,4,ok,85.16,68.86,200,3000078095504.6,0,0,2,0,2,0,0,/home/athenas/JPP/JPP/results/plans/dim1000mb/q1-joinless-pattern-r4.txt
dim1000mb,q1,auto,10485760,default-10MiB,4,ok,68.23,,200,3000078095504.6,3,1,4,3,7,2141,89366496,/home/athenas/JPP/JPP/results/plans/dim1000mb/q1-auto-default-10MiB-r4.txt
dim1000mb,q1,auto,22821,admits-1:date,4,ok,148.11,,200,3000078095504.6,1,3,8,1,9,341,1069024,/home/athenas/JPP/JPP/results/plans/dim1000mb/q1-auto-admits-1:date-r4.txt
dim1000mb,q1,auto,363779,admits-2:date+supplier,4,ok,104.98,,200,3000078095504.6,2,2,6,2,8,941,11057632,/home/athenas/JPP/JPP/results/plans/dim1000mb/q1-auto-admits-2:date+supplier-r4.txt
dim1000mb,q1,auto,2512573,admits-3:date+supplier+part,4,ok,68.57,,200,3000078095504.6,3,1,4,3,7,2240,89366496,/home/athenas/JPP/JPP/results/plans/dim1000mb/q1-auto-admits-3:date+supplier+part-r4.txt
dim1000mb,q1,auto,667655909,admits-4:date+supplier+part+customer,4,fail:maxResultSize,,,,,,,,,,,,
dim1000mb,q1,auto,5341247264,above-all-8x,4,fail:maxResultSize,,,,,,,,,,,,
dim1000mb,q1,joinless,-1,pattern,5,ok,85.34,69.90,200,3000078095504.6,0,0,2,0,2,0,0,/home/athenas/JPP/JPP/results/plans/dim1000mb/q1-joinless-pattern-r5.txt
dim1000mb,q1,auto,10485760,default-10MiB,5,ok,65.65,,200,3000078095504.6,3,1,4,3,7,2181,89366496,/home/athenas/JPP/JPP/results/plans/dim1000mb/q1-auto-default-10MiB-r5.txt
dim1000mb,q1,auto,22821,admits-1:date,5,ok,144.72,,200,3000078095504.6,1,3,8,1,9,356,1069024,/home/athenas/JPP/JPP/results/plans/dim1000mb/q1-auto-admits-1:date-r5.txt
dim1000mb,q1,auto,363779,admits-2:date+supplier,5,ok,107.32,,200,3000078095504.6,2,2,6,2,8,909,11057632,/home/athenas/JPP/JPP/results/plans/dim1000mb/q1-auto-admits-2:date+supplier-r5.txt
dim1000mb,q1,auto,2512573,admits-3:date+supplier+part,5,ok,68.68,,200,3000078095504.6,3,1,4,3,7,2254,89366496,/home/athenas/JPP/JPP/results/plans/dim1000mb/q1-auto-admits-3:date+supplier+part-r5.txt
dim1000mb,q1,auto,667655909,admits-4:date+supplier+part+customer,5,fail:maxResultSize,,,,,,,,,,,,
dim1000mb,q1,auto,5341247264,above-all-8x,5,fail:maxResultSize,,,,,,,,,,,,
dim300mb,q1,joinless,-1,pattern,1,ok,42.48,25.84,200,3000078095504.6,0,0,2,0,2,0,0,/home/athenas/JPP/JPP/results/plans/dim300mb/q1-joinless-pattern-r1.txt
dim300mb,q1,auto,10485760,default-10MiB,1,ok,60.05,,200,3000078095504.6,3,1,4,3,7,2063,89366496,/home/athenas/JPP/JPP/results/plans/dim300mb/q1-auto-default-10MiB-r1.txt
dim300mb,q1,auto,2512573,admits-3:date+supplier+part,1,ok,62.57,,200,3000078095504.6,3,1,4,3,7,2057,89366496,/home/athenas/JPP/JPP/results/plans/dim300mb/q1-auto-admits-3:date+supplier+part-r1.txt
dim300mb,q1,auto,200304759,admits-4:date+supplier+part+customer,1,ok,52.48,,200,3000078095504.6,4,0,2,4,6,31321,4995724552,/home/athenas/JPP/JPP/results/plans/dim300mb/q1-auto-admits-4:date+supplier+part+customer-r1.txt
dim300mb,q1,auto,1602438064,above-all-8x,1,ok,51.68,,200,3000078095504.6,4,0,2,4,6,36197,4995724552,/home/athenas/JPP/JPP/results/plans/dim300mb/q1-auto-above-all-8x-r1.txt
dim300mb,q2,joinless,-1,pattern,1,ok,44.63,31.95,40,120015240211.4,0,0,2,0,2,0,0,/home/athenas/JPP/JPP/results/plans/dim300mb/q2-joinless-pattern-r1.txt
dim300mb,q2,auto,10485760,default-10MiB,1,ok,21.38,,40,120015240211.4,3,1,4,3,7,2257,82026432,/home/athenas/JPP/JPP/results/plans/dim300mb/q2-auto-default-10MiB-r1.txt
dim300mb,q2,auto,2512573,admits-3:date+supplier+part,1,ok,22.19,,40,120015240211.4,3,1,4,3,7,2418,82026432,/home/athenas/JPP/JPP/results/plans/dim300mb/q2-auto-admits-3:date+supplier+part-r1.txt
dim300mb,q2,auto,200304759,admits-4:date+supplier+part+customer,1,ok,23.39,,40,120015240211.4,4,0,2,4,6,12659,1692639168,/home/athenas/JPP/JPP/results/plans/dim300mb/q2-auto-admits-4:date+supplier+part+customer-r1.txt
dim300mb,q2,auto,1602438064,above-all-8x,1,ok,22.88,,40,120015240211.4,4,0,2,4,6,12139,1692639168,/home/athenas/JPP/JPP/results/plans/dim300mb/q2-auto-above-all-8x-r1.txt
dim300mb,q3,joinless,-1,pattern,1,ok,41.81,25.60,400,1199919067064.6,0,0,2,0,2,0,0,/home/athenas/JPP/JPP/results/plans/dim300mb/q3-joinless-pattern-r1.txt
dim300mb,q3,auto,10485760,default-10MiB,1,ok,39.63,,400,1199919067064.6,3,1,4,3,7,2209,55812040,/home/athenas/JPP/JPP/results/plans/dim300mb/q3-auto-default-10MiB-r1.txt
dim300mb,q3,auto,2512573,admits-3:date+supplier+part,1,ok,50.08,,400,1199919067064.6,2,2,6,2,8,969,11057632,/home/athenas/JPP/JPP/results/plans/dim300mb/q3-auto-admits-3:date+supplier+part-r1.txt
dim300mb,q3,auto,200304759,admits-4:date+supplier+part+customer,1,ok,46.46,,400,1199919067064.6,4,0,2,4,6,33027,4962170096,/home/athenas/JPP/JPP/results/plans/dim300mb/q3-auto-admits-4:date+supplier+part+customer-r1.txt
dim300mb,q3,auto,1602438064,above-all-8x,1,ok,47.17,,400,1199919067064.6,4,0,2,4,6,33084,4962170096,/home/athenas/JPP/JPP/results/plans/dim300mb/q3-auto-above-all-8x-r1.txt
dim300mb,q4,joinless,-1,pattern,1,ok,35.77,23.21,200,3000078095504.6,0,0,2,0,2,0,0,/home/athenas/JPP/JPP/results/plans/dim300mb/q4-joinless-pattern-r1.txt
dim300mb,q4,auto,10485760,default-10MiB,1,ok,46.58,,200,3000078095504.6,1,1,4,1,5,301,1069024,/home/athenas/JPP/JPP/results/plans/dim300mb/q4-auto-default-10MiB-r1.txt
dim300mb,q4,auto,2512573,admits-3:date+supplier+part,1,ok,46.67,,200,3000078095504.6,1,1,4,1,5,367,1069024,/home/athenas/JPP/JPP/results/plans/dim300mb/q4-auto-admits-3:date+supplier+part-r1.txt
dim300mb,q4,auto,200304759,admits-4:date+supplier+part+customer,1,ok,48.18,,200,3000078095504.6,2,0,2,2,4,27819,4907427080,/home/athenas/JPP/JPP/results/plans/dim300mb/q4-auto-admits-4:date+supplier+part+customer-r1.txt
dim300mb,q4,auto,1602438064,above-all-8x,1,ok,47.90,,200,3000078095504.6,2,0,2,2,4,27703,4907427080,/home/athenas/JPP/JPP/results/plans/dim300mb/q4-auto-above-all-8x-r1.txt
dim300mb,q1,joinless,-1,pattern,2,ok,40.50,25.26,200,3000078095504.6,0,0,2,0,2,0,0,/home/athenas/JPP/JPP/results/plans/dim300mb/q1-joinless-pattern-r2.txt
dim300mb,q1,auto,10485760,default-10MiB,2,ok,57.06,,200,3000078095504.6,3,1,4,3,7,1927,89366496,/home/athenas/JPP/JPP/results/plans/dim300mb/q1-auto-default-10MiB-r2.txt
dim300mb,q1,auto,2512573,admits-3:date+supplier+part,2,ok,59.10,,200,3000078095504.6,3,1,4,3,7,2064,89366496,/home/athenas/JPP/JPP/results/plans/dim300mb/q1-auto-admits-3:date+supplier+part-r2.txt
dim300mb,q1,auto,200304759,admits-4:date+supplier+part+customer,2,ok,52.35,,200,3000078095504.6,4,0,2,4,6,36712,4995724552,/home/athenas/JPP/JPP/results/plans/dim300mb/q1-auto-admits-4:date+supplier+part+customer-r2.txt
dim300mb,q1,auto,1602438064,above-all-8x,2,ok,48.53,,200,3000078095504.6,4,0,2,4,6,31599,4995724552,/home/athenas/JPP/JPP/results/plans/dim300mb/q1-auto-above-all-8x-r2.txt
dim300mb,q2,joinless,-1,pattern,2,ok,45.44,33.00,40,120015240211.4,0,0,2,0,2,0,0,/home/athenas/JPP/JPP/results/plans/dim300mb/q2-joinless-pattern-r2.txt
dim300mb,q2,auto,10485760,default-10MiB,2,ok,21.46,,40,120015240211.4,3,1,4,3,7,2901,82026432,/home/athenas/JPP/JPP/results/plans/dim300mb/q2-auto-default-10MiB-r2.txt
dim300mb,q2,auto,2512573,admits-3:date+supplier+part,2,ok,21.36,,40,120015240211.4,3,1,4,3,7,2399,82026432,/home/athenas/JPP/JPP/results/plans/dim300mb/q2-auto-admits-3:date+supplier+part-r2.txt
dim300mb,q2,auto,200304759,admits-4:date+supplier+part+customer,2,ok,22.26,,40,120015240211.4,4,0,2,4,6,12815,1692639168,/home/athenas/JPP/JPP/results/plans/dim300mb/q2-auto-admits-4:date+supplier+part+customer-r2.txt
dim300mb,q2,auto,1602438064,above-all-8x,2,ok,21.90,,40,120015240211.4,4,0,2,4,6,10899,1692639168,/home/athenas/JPP/JPP/results/plans/dim300mb/q2-auto-above-all-8x-r2.txt
dim300mb,q3,joinless,-1,pattern,2,ok,40.86,25.53,400,1199919067064.6,0,0,2,0,2,0,0,/home/athenas/JPP/JPP/results/plans/dim300mb/q3-joinless-pattern-r2.txt
dim300mb,q3,auto,10485760,default-10MiB,2,ok,39.33,,400,1199919067064.6,3,1,4,3,7,2450,55812040,/home/athenas/JPP/JPP/results/plans/dim300mb/q3-auto-default-10MiB-r2.txt
dim300mb,q3,auto,2512573,admits-3:date+supplier+part,2,ok,55.33,,400,1199919067064.6,2,2,6,2,8,1859,11057632,/home/athenas/JPP/JPP/results/plans/dim300mb/q3-auto-admits-3:date+supplier+part-r2.txt
dim300mb,q3,auto,200304759,admits-4:date+supplier+part+customer,2,ok,46.69,,400,1199919067064.6,4,0,2,4,6,29953,4962170096,/home/athenas/JPP/JPP/results/plans/dim300mb/q3-auto-admits-4:date+supplier+part+customer-r2.txt
dim300mb,q3,auto,1602438064,above-all-8x,2,ok,47.03,,400,1199919067064.6,4,0,2,4,6,33482,4962170096,/home/athenas/JPP/JPP/results/plans/dim300mb/q3-auto-above-all-8x-r2.txt
dim300mb,q4,joinless,-1,pattern,2,ok,35.93,23.94,200,3000078095504.6,0,0,2,0,2,0,0,/home/athenas/JPP/JPP/results/plans/dim300mb/q4-joinless-pattern-r2.txt
dim300mb,q4,auto,10485760,default-10MiB,2,ok,46.99,,200,3000078095504.6,1,1,4,1,5,396,1069024,/home/athenas/JPP/JPP/results/plans/dim300mb/q4-auto-default-10MiB-r2.txt
dim300mb,q4,auto,2512573,admits-3:date+supplier+part,2,ok,46.54,,200,3000078095504.6,1,1,4,1,5,342,1069024,/home/athenas/JPP/JPP/results/plans/dim300mb/q4-auto-admits-3:date+supplier+part-r2.txt
dim300mb,q4,auto,200304759,admits-4:date+supplier+part+customer,2,ok,48.29,,200,3000078095504.6,2,0,2,2,4,29900,4907427080,/home/athenas/JPP/JPP/results/plans/dim300mb/q4-auto-admits-4:date+supplier+part+customer-r2.txt
dim300mb,q4,auto,1602438064,above-all-8x,2,ok,46.04,,200,3000078095504.6,2,0,2,2,4,27241,4907427080,/home/athenas/JPP/JPP/results/plans/dim300mb/q4-auto-above-all-8x-r2.txt
dim300mb,q1,joinless,-1,pattern,3,ok,38.74,23.38,200,3000078095504.6,0,0,2,0,2,0,0,/home/athenas/JPP/JPP/results/plans/dim300mb/q1-joinless-pattern-r3.txt
dim300mb,q1,auto,10485760,default-10MiB,3,ok,56.96,,200,3000078095504.6,3,1,4,3,7,2005,89366496,/home/athenas/JPP/JPP/results/plans/dim300mb/q1-auto-default-10MiB-r3.txt
dim300mb,q1,auto,2512573,admits-3:date+supplier+part,3,ok,58.86,,200,3000078095504.6,3,1,4,3,7,2204,89366496,/home/athenas/JPP/JPP/results/plans/dim300mb/q1-auto-admits-3:date+supplier+part-r3.txt
dim300mb,q1,auto,200304759,admits-4:date+supplier+part+customer,3,ok,50.91,,200,3000078095504.6,4,0,2,4,6,34080,4995724552,/home/athenas/JPP/JPP/results/plans/dim300mb/q1-auto-admits-4:date+supplier+part+customer-r3.txt
dim300mb,q1,auto,1602438064,above-all-8x,3,ok,49.32,,200,3000078095504.6,4,0,2,4,6,28462,4995724552,/home/athenas/JPP/JPP/results/plans/dim300mb/q1-auto-above-all-8x-r3.txt
dim300mb,q2,joinless,-1,pattern,3,ok,47.04,34.07,40,120015240211.4,0,0,2,0,2,0,0,/home/athenas/JPP/JPP/results/plans/dim300mb/q2-joinless-pattern-r3.txt
dim300mb,q2,auto,10485760,default-10MiB,3,ok,21.35,,40,120015240211.4,3,1,4,3,7,2943,82026432,/home/athenas/JPP/JPP/results/plans/dim300mb/q2-auto-default-10MiB-r3.txt
dim300mb,q2,auto,2512573,admits-3:date+supplier+part,3,ok,20.93,,40,120015240211.4,3,1,4,3,7,2164,82026432,/home/athenas/JPP/JPP/results/plans/dim300mb/q2-auto-admits-3:date+supplier+part-r3.txt
dim300mb,q2,auto,200304759,admits-4:date+supplier+part+customer,3,ok,21.68,,40,120015240211.4,4,0,2,4,6,9257,1692639168,/home/athenas/JPP/JPP/results/plans/dim300mb/q2-auto-admits-4:date+supplier+part+customer-r3.txt
dim300mb,q2,auto,1602438064,above-all-8x,3,ok,22.29,,40,120015240211.4,4,0,2,4,6,14064,1692639168,/home/athenas/JPP/JPP/results/plans/dim300mb/q2-auto-above-all-8x-r3.txt
dim300mb,q3,joinless,-1,pattern,3,ok,40.49,24.55,400,1199919067064.6,0,0,2,0,2,0,0,/home/athenas/JPP/JPP/results/plans/dim300mb/q3-joinless-pattern-r3.txt
dim300mb,q3,auto,10485760,default-10MiB,3,ok,37.54,,400,1199919067064.6,3,1,4,3,7,2162,55812040,/home/athenas/JPP/JPP/results/plans/dim300mb/q3-auto-default-10MiB-r3.txt
dim300mb,q3,auto,2512573,admits-3:date+supplier+part,3,ok,48.93,,400,1199919067064.6,2,2,6,2,8,1721,11057632,/home/athenas/JPP/JPP/results/plans/dim300mb/q3-auto-admits-3:date+supplier+part-r3.txt
dim300mb,q3,auto,200304759,admits-4:date+supplier+part+customer,3,ok,45.10,,400,1199919067064.6,4,0,2,4,6,33963,4962170096,/home/athenas/JPP/JPP/results/plans/dim300mb/q3-auto-admits-4:date+supplier+part+customer-r3.txt
dim300mb,q3,auto,1602438064,above-all-8x,3,ok,49.28,,400,1199919067064.6,4,0,2,4,6,38855,4962170096,/home/athenas/JPP/JPP/results/plans/dim300mb/q3-auto-above-all-8x-r3.txt
dim300mb,q4,joinless,-1,pattern,3,ok,34.14,21.78,200,3000078095504.6,0,0,2,0,2,0,0,/home/athenas/JPP/JPP/results/plans/dim300mb/q4-joinless-pattern-r3.txt
dim300mb,q4,auto,10485760,default-10MiB,3,ok,47.50,,200,3000078095504.6,1,1,4,1,5,346,1069024,/home/athenas/JPP/JPP/results/plans/dim300mb/q4-auto-default-10MiB-r3.txt
dim300mb,q4,auto,2512573,admits-3:date+supplier+part,3,ok,48.13,,200,3000078095504.6,1,1,4,1,5,338,1069024,/home/athenas/JPP/JPP/results/plans/dim300mb/q4-auto-admits-3:date+supplier+part-r3.txt
dim300mb,q4,auto,200304759,admits-4:date+supplier+part+customer,3,ok,47.78,,200,3000078095504.6,2,0,2,2,4,29271,4907427080,/home/athenas/JPP/JPP/results/plans/dim300mb/q4-auto-admits-4:date+supplier+part+customer-r3.txt
dim300mb,q4,auto,1602438064,above-all-8x,3,ok,48.78,,200,3000078095504.6,2,0,2,2,4,28684,4907427080,/home/athenas/JPP/JPP/results/plans/dim300mb/q4-auto-above-all-8x-r3.txt
dim300mb,q1,joinless,-1,pattern,4,ok,38.89,23.75,200,3000078095504.6,0,0,2,0,2,0,0,/home/athenas/JPP/JPP/results/plans/dim300mb/q1-joinless-pattern-r4.txt
dim300mb,q1,auto,10485760,default-10MiB,4,ok,72.42,,200,3000078095504.6,3,1,4,3,7,2228,89366496,/home/athenas/JPP/JPP/results/plans/dim300mb/q1-auto-default-10MiB-r4.txt
dim300mb,q1,auto,2512573,admits-3:date+supplier+part,4,ok,61.16,,200,3000078095504.6,3,1,4,3,7,2384,89366496,/home/athenas/JPP/JPP/results/plans/dim300mb/q1-auto-admits-3:date+supplier+part-r4.txt
dim300mb,q1,auto,200304759,admits-4:date+supplier+part+customer,4,ok,51.70,,200,3000078095504.6,4,0,2,4,6,32528,4995724552,/home/athenas/JPP/JPP/results/plans/dim300mb/q1-auto-admits-4:date+supplier+part+customer-r4.txt
dim300mb,q1,auto,1602438064,above-all-8x,4,ok,49.04,,200,3000078095504.6,4,0,2,4,6,29136,4995724552,/home/athenas/JPP/JPP/results/plans/dim300mb/q1-auto-above-all-8x-r4.txt
dim300mb,q2,joinless,-1,pattern,4,ok,47.06,34.32,40,120015240211.4,0,0,2,0,2,0,0,/home/athenas/JPP/JPP/results/plans/dim300mb/q2-joinless-pattern-r4.txt
dim300mb,q2,auto,10485760,default-10MiB,4,ok,21.52,,40,120015240211.4,3,1,4,3,7,2596,82026432,/home/athenas/JPP/JPP/results/plans/dim300mb/q2-auto-default-10MiB-r4.txt
dim300mb,q2,auto,2512573,admits-3:date+supplier+part,4,ok,20.96,,40,120015240211.4,3,1,4,3,7,2360,82026432,/home/athenas/JPP/JPP/results/plans/dim300mb/q2-auto-admits-3:date+supplier+part-r4.txt
dim300mb,q2,auto,200304759,admits-4:date+supplier+part+customer,4,ok,21.10,,40,120015240211.4,4,0,2,4,6,9081,1692639168,/home/athenas/JPP/JPP/results/plans/dim300mb/q2-auto-admits-4:date+supplier+part+customer-r4.txt
dim300mb,q2,auto,1602438064,above-all-8x,4,ok,22.09,,40,120015240211.4,4,0,2,4,6,11777,1692639168,/home/athenas/JPP/JPP/results/plans/dim300mb/q2-auto-above-all-8x-r4.txt
dim300mb,q3,joinless,-1,pattern,4,ok,42.54,26.91,400,1199919067064.6,0,0,2,0,2,0,0,/home/athenas/JPP/JPP/results/plans/dim300mb/q3-joinless-pattern-r4.txt
dim300mb,q3,auto,10485760,default-10MiB,4,ok,37.89,,400,1199919067064.6,3,1,4,3,7,2206,55812040,/home/athenas/JPP/JPP/results/plans/dim300mb/q3-auto-default-10MiB-r4.txt
dim300mb,q3,auto,2512573,admits-3:date+supplier+part,4,ok,49.90,,400,1199919067064.6,2,2,6,2,8,1068,11057632,/home/athenas/JPP/JPP/results/plans/dim300mb/q3-auto-admits-3:date+supplier+part-r4.txt
dim300mb,q3,auto,200304759,admits-4:date+supplier+part+customer,4,ok,46.46,,400,1199919067064.6,4,0,2,4,6,34965,4962170096,/home/athenas/JPP/JPP/results/plans/dim300mb/q3-auto-admits-4:date+supplier+part+customer-r4.txt
dim300mb,q3,auto,1602438064,above-all-8x,4,ok,45.53,,400,1199919067064.6,4,0,2,4,6,30395,4962170096,/home/athenas/JPP/JPP/results/plans/dim300mb/q3-auto-above-all-8x-r4.txt
dim300mb,q4,joinless,-1,pattern,4,ok,37.59,25.35,200,3000078095504.6,0,0,2,0,2,0,0,/home/athenas/JPP/JPP/results/plans/dim300mb/q4-joinless-pattern-r4.txt
dim300mb,q4,auto,10485760,default-10MiB,4,ok,50.63,,200,3000078095504.6,1,1,4,1,5,301,1069024,/home/athenas/JPP/JPP/results/plans/dim300mb/q4-auto-default-10MiB-r4.txt
dim300mb,q4,auto,2512573,admits-3:date+supplier+part,4,ok,46.07,,200,3000078095504.6,1,1,4,1,5,323,1069024,/home/athenas/JPP/JPP/results/plans/dim300mb/q4-auto-admits-3:date+supplier+part-r4.txt
dim300mb,q4,auto,200304759,admits-4:date+supplier+part+customer,4,ok,48.50,,200,3000078095504.6,2,0,2,2,4,29682,4907427080,/home/athenas/JPP/JPP/results/plans/dim300mb/q4-auto-admits-4:date+supplier+part+customer-r4.txt
dim300mb,q4,auto,1602438064,above-all-8x,4,ok,48.19,,200,3000078095504.6,2,0,2,2,4,27785,4907427080,/home/athenas/JPP/JPP/results/plans/dim300mb/q4-auto-above-all-8x-r4.txt
dim300mb,q1,joinless,-1,pattern,5,ok,41.25,25.30,200,3000078095504.6,0,0,2,0,2,0,0,/home/athenas/JPP/JPP/results/plans/dim300mb/q1-joinless-pattern-r5.txt
dim300mb,q1,auto,10485760,default-10MiB,5,ok,57.76,,200,3000078095504.6,3,1,4,3,7,2115,89366496,/home/athenas/JPP/JPP/results/plans/dim300mb/q1-auto-default-10MiB-r5.txt
dim300mb,q1,auto,2512573,admits-3:date+supplier+part,5,ok,57.90,,200,3000078095504.6,3,1,4,3,7,2243,89366496,/home/athenas/JPP/JPP/results/plans/dim300mb/q1-auto-admits-3:date+supplier+part-r5.txt
dim300mb,q1,auto,200304759,admits-4:date+supplier+part+customer,5,ok,51.17,,200,3000078095504.6,4,0,2,4,6,32947,4995724552,/home/athenas/JPP/JPP/results/plans/dim300mb/q1-auto-admits-4:date+supplier+part+customer-r5.txt
dim300mb,q1,auto,1602438064,above-all-8x,5,ok,52.80,,200,3000078095504.6,4,0,2,4,6,35355,4995724552,/home/athenas/JPP/JPP/results/plans/dim300mb/q1-auto-above-all-8x-r5.txt
dim300mb,q2,joinless,-1,pattern,5,ok,45.60,33.20,40,120015240211.4,0,0,2,0,2,0,0,/home/athenas/JPP/JPP/results/plans/dim300mb/q2-joinless-pattern-r5.txt
dim300mb,q2,auto,10485760,default-10MiB,5,ok,20.95,,40,120015240211.4,3,1,4,3,7,2012,82026432,/home/athenas/JPP/JPP/results/plans/dim300mb/q2-auto-default-10MiB-r5.txt
dim300mb,q2,auto,2512573,admits-3:date+supplier+part,5,ok,21.52,,40,120015240211.4,3,1,4,3,7,2421,82026432,/home/athenas/JPP/JPP/results/plans/dim300mb/q2-auto-admits-3:date+supplier+part-r5.txt
dim300mb,q2,auto,200304759,admits-4:date+supplier+part+customer,5,ok,21.05,,40,120015240211.4,4,0,2,4,6,9797,1692639168,/home/athenas/JPP/JPP/results/plans/dim300mb/q2-auto-admits-4:date+supplier+part+customer-r5.txt
dim300mb,q2,auto,1602438064,above-all-8x,5,ok,21.02,,40,120015240211.4,4,0,2,4,6,8761,1692639168,/home/athenas/JPP/JPP/results/plans/dim300mb/q2-auto-above-all-8x-r5.txt
dim300mb,q3,joinless,-1,pattern,5,ok,40.99,25.68,400,1199919067064.6,0,0,2,0,2,0,0,/home/athenas/JPP/JPP/results/plans/dim300mb/q3-joinless-pattern-r5.txt
dim300mb,q3,auto,10485760,default-10MiB,5,ok,36.96,,400,1199919067064.6,3,1,4,3,7,2847,55812040,/home/athenas/JPP/JPP/results/plans/dim300mb/q3-auto-default-10MiB-r5.txt
dim300mb,q3,auto,2512573,admits-3:date+supplier+part,5,ok,49.32,,400,1199919067064.6,2,2,6,2,8,1130,11057632,/home/athenas/JPP/JPP/results/plans/dim300mb/q3-auto-admits-3:date+supplier+part-r5.txt
dim300mb,q3,auto,200304759,admits-4:date+supplier+part+customer,5,ok,46.43,,400,1199919067064.6,4,0,2,4,6,30619,4962170096,/home/athenas/JPP/JPP/results/plans/dim300mb/q3-auto-admits-4:date+supplier+part+customer-r5.txt
dim300mb,q3,auto,1602438064,above-all-8x,5,ok,45.92,,400,1199919067064.6,4,0,2,4,6,28259,4962170096,/home/athenas/JPP/JPP/results/plans/dim300mb/q3-auto-above-all-8x-r5.txt
dim300mb,q4,joinless,-1,pattern,5,ok,36.73,24.64,200,3000078095504.6,0,0,2,0,2,0,0,/home/athenas/JPP/JPP/results/plans/dim300mb/q4-joinless-pattern-r5.txt
dim300mb,q4,auto,10485760,default-10MiB,5,ok,46.96,,200,3000078095504.6,1,1,4,1,5,345,1069024,/home/athenas/JPP/JPP/results/plans/dim300mb/q4-auto-default-10MiB-r5.txt
dim300mb,q4,auto,2512573,admits-3:date+supplier+part,5,ok,46.49,,200,3000078095504.6,1,1,4,1,5,338,1069024,/home/athenas/JPP/JPP/results/plans/dim300mb/q4-auto-admits-3:date+supplier+part-r5.txt
dim300mb,q4,auto,200304759,admits-4:date+supplier+part+customer,5,ok,47.38,,200,3000078095504.6,2,0,2,2,4,26411,4907427080,/home/athenas/JPP/JPP/results/plans/dim300mb/q4-auto-admits-4:date+supplier+part+customer-r5.txt
dim300mb,q4,auto,1602438064,above-all-8x,5,ok,48.04,,200,3000078095504.6,2,0,2,2,4,27512,4907427080,/home/athenas/JPP/JPP/results/plans/dim300mb/q4-auto-above-all-8x-r5.txt
dim600mb,q1,joinless,-1,pattern,1,ok,60.48,45.16,200,3000078095504.6,0,0,2,0,2,0,0,/home/athenas/JPP/JPP/results/plans/dim600mb/q1-joinless-pattern-r1.txt
dim600mb,q1,auto,10485760,default-10MiB,1,ok,60.13,,200,3000078095504.6,3,1,4,3,7,2137,89366496,/home/athenas/JPP/JPP/results/plans/dim600mb/q1-auto-default-10MiB-r1.txt
dim600mb,q1,auto,2512573,admits-3:date+supplier+part,1,ok,61.28,,200,3000078095504.6,3,1,4,3,7,2074,89366496,/home/athenas/JPP/JPP/results/plans/dim600mb/q1-auto-admits-3:date+supplier+part-r1.txt
dim600mb,q1,auto,400597721,admits-4:date+supplier+part+customer,1,fail:maxResultSize,,,,,,,,,,,,
dim600mb,q1,auto,3204781760,above-all-8x,1,fail:maxResultSize,,,,,,,,,,,,
dim600mb,q2,joinless,-1,pattern,1,ok,75.34,62.34,40,120015240211.4,0,0,2,0,2,0,0,/home/athenas/JPP/JPP/results/plans/dim600mb/q2-joinless-pattern-r1.txt
dim600mb,q2,auto,10485760,default-10MiB,1,ok,22.34,,40,120015240211.4,3,1,4,3,7,2041,82026432,/home/athenas/JPP/JPP/results/plans/dim600mb/q2-auto-default-10MiB-r1.txt
dim600mb,q2,auto,2512573,admits-3:date+supplier+part,1,ok,22.29,,40,120015240211.4,3,1,4,3,7,2463,82026432,/home/athenas/JPP/JPP/results/plans/dim600mb/q2-auto-admits-3:date+supplier+part-r1.txt
dim600mb,q2,auto,400597721,admits-4:date+supplier+part+customer,1,ok,27.08,,40,120015240211.4,4,0,2,4,6,20336,3303251904,/home/athenas/JPP/JPP/results/plans/dim600mb/q2-auto-admits-4:date+supplier+part+customer-r1.txt
dim600mb,q2,auto,3204781760,above-all-8x,1,ok,26.03,,40,120015240211.4,4,0,2,4,6,14808,3303251904,/home/athenas/JPP/JPP/results/plans/dim600mb/q2-auto-above-all-8x-r1.txt
dim600mb,q3,joinless,-1,pattern,1,ok,61.49,46.13,400,1199919067064.6,0,0,2,0,2,0,0,/home/athenas/JPP/JPP/results/plans/dim600mb/q3-joinless-pattern-r1.txt
dim600mb,q3,auto,10485760,default-10MiB,1,ok,40.78,,400,1199919067064.6,3,1,4,3,7,2488,55812040,/home/athenas/JPP/JPP/results/plans/dim600mb/q3-auto-default-10MiB-r1.txt
dim600mb,q3,auto,2512573,admits-3:date+supplier+part,1,ok,53.72,,400,1199919067064.6,2,2,6,2,8,1023,11057632,/home/athenas/JPP/JPP/results/plans/dim600mb/q3-auto-admits-3:date+supplier+part-r1.txt
dim600mb,q3,auto,400597721,admits-4:date+supplier+part+customer,1,fail:maxResultSize,,,,,,,,,,,,
dim600mb,q3,auto,3204781760,above-all-8x,1,fail:maxResultSize,,,,,,,,,,,,
dim600mb,q4,joinless,-1,pattern,1,ok,55.60,43.34,200,3000078095504.6,0,0,2,0,2,0,0,/home/athenas/JPP/JPP/results/plans/dim600mb/q4-joinless-pattern-r1.txt
dim600mb,q4,auto,10485760,default-10MiB,1,ok,48.33,,200,3000078095504.6,1,1,4,1,5,325,1069024,/home/athenas/JPP/JPP/results/plans/dim600mb/q4-auto-default-10MiB-r1.txt
dim600mb,q4,auto,2512573,admits-3:date+supplier+part,1,ok,49.73,,200,3000078095504.6,1,1,4,1,5,364,1069024,/home/athenas/JPP/JPP/results/plans/dim600mb/q4-auto-admits-3:date+supplier+part-r1.txt
dim600mb,q4,auto,400597721,admits-4:date+supplier+part+customer,1,fail:maxResultSize,,,,,,,,,,,,
dim600mb,q4,auto,3204781760,above-all-8x,1,fail:maxResultSize,,,,,,,,,,,,
dim600mb,q1,joinless,-1,pattern,2,ok,59.05,43.93,200,3000078095504.6,0,0,2,0,2,0,0,/home/athenas/JPP/JPP/results/plans/dim600mb/q1-joinless-pattern-r2.txt
dim600mb,q1,auto,10485760,default-10MiB,2,ok,61.01,,200,3000078095504.6,3,1,4,3,7,2145,89366496,/home/athenas/JPP/JPP/results/plans/dim600mb/q1-auto-default-10MiB-r2.txt
dim600mb,q1,auto,2512573,admits-3:date+supplier+part,2,ok,64.19,,200,3000078095504.6,3,1,4,3,7,2043,89366496,/home/athenas/JPP/JPP/results/plans/dim600mb/q1-auto-admits-3:date+supplier+part-r2.txt
dim600mb,q1,auto,400597721,admits-4:date+supplier+part+customer,2,fail:maxResultSize,,,,,,,,,,,,
dim600mb,q1,auto,3204781760,above-all-8x,2,fail:maxResultSize,,,,,,,,,,,,
dim600mb,q2,joinless,-1,pattern,2,ok,75.03,61.33,40,120015240211.4,0,0,2,0,2,0,0,/home/athenas/JPP/JPP/results/plans/dim600mb/q2-joinless-pattern-r2.txt
dim600mb,q2,auto,10485760,default-10MiB,2,ok,23.96,,40,120015240211.4,3,1,4,3,7,2189,82026432,/home/athenas/JPP/JPP/results/plans/dim600mb/q2-auto-default-10MiB-r2.txt
dim600mb,q2,auto,2512573,admits-3:date+supplier+part,2,ok,22.82,,40,120015240211.4,3,1,4,3,7,2599,82026432,/home/athenas/JPP/JPP/results/plans/dim600mb/q2-auto-admits-3:date+supplier+part-r2.txt
dim600mb,q2,auto,400597721,admits-4:date+supplier+part+customer,2,ok,28.97,,40,120015240211.4,4,0,2,4,6,18816,3303251904,/home/athenas/JPP/JPP/results/plans/dim600mb/q2-auto-admits-4:date+supplier+part+customer-r2.txt
dim600mb,q2,auto,3204781760,above-all-8x,2,ok,28.09,,40,120015240211.4,4,0,2,4,6,15609,3303251904,/home/athenas/JPP/JPP/results/plans/dim600mb/q2-auto-above-all-8x-r2.txt
dim600mb,q3,joinless,-1,pattern,2,ok,64.09,45.60,400,1199919067064.6,0,0,2,0,2,0,0,/home/athenas/JPP/JPP/results/plans/dim600mb/q3-joinless-pattern-r2.txt
dim600mb,q3,auto,10485760,default-10MiB,2,ok,44.51,,400,1199919067064.6,3,1,4,3,7,2509,55812040,/home/athenas/JPP/JPP/results/plans/dim600mb/q3-auto-default-10MiB-r2.txt
dim600mb,q3,auto,2512573,admits-3:date+supplier+part,2,ok,55.49,,400,1199919067064.6,2,2,6,2,8,1167,11057632,/home/athenas/JPP/JPP/results/plans/dim600mb/q3-auto-admits-3:date+supplier+part-r2.txt
dim600mb,q3,auto,400597721,admits-4:date+supplier+part+customer,2,fail:maxResultSize,,,,,,,,,,,,
dim600mb,q3,auto,3204781760,above-all-8x,2,fail:maxResultSize,,,,,,,,,,,,
dim600mb,q4,joinless,-1,pattern,2,ok,57.08,43.38,200,3000078095504.6,0,0,2,0,2,0,0,/home/athenas/JPP/JPP/results/plans/dim600mb/q4-joinless-pattern-r2.txt
dim600mb,q4,auto,10485760,default-10MiB,2,ok,50.74,,200,3000078095504.6,1,1,4,1,5,342,1069024,/home/athenas/JPP/JPP/results/plans/dim600mb/q4-auto-default-10MiB-r2.txt
dim600mb,q4,auto,2512573,admits-3:date+supplier+part,2,ok,51.78,,200,3000078095504.6,1,1,4,1,5,377,1069024,/home/athenas/JPP/JPP/results/plans/dim600mb/q4-auto-admits-3:date+supplier+part-r2.txt
dim600mb,q4,auto,400597721,admits-4:date+supplier+part+customer,2,fail:maxResultSize,,,,,,,,,,,,
dim600mb,q4,auto,3204781760,above-all-8x,2,fail:maxResultSize,,,,,,,,,,,,
dim600mb,q1,joinless,-1,pattern,3,ok,58.18,42.22,200,3000078095504.6,0,0,2,0,2,0,0,/home/athenas/JPP/JPP/results/plans/dim600mb/q1-joinless-pattern-r3.txt
dim600mb,q1,auto,10485760,default-10MiB,3,ok,63.89,,200,3000078095504.6,3,1,4,3,7,2208,89366496,/home/athenas/JPP/JPP/results/plans/dim600mb/q1-auto-default-10MiB-r3.txt
dim600mb,q1,auto,2512573,admits-3:date+supplier+part,3,ok,67.12,,200,3000078095504.6,3,1,4,3,7,1918,89366496,/home/athenas/JPP/JPP/results/plans/dim600mb/q1-auto-admits-3:date+supplier+part-r3.txt
dim600mb,q1,auto,400597721,admits-4:date+supplier+part+customer,3,fail:maxResultSize,,,,,,,,,,,,
dim600mb,q1,auto,3204781760,above-all-8x,3,fail:maxResultSize,,,,,,,,,,,,
dim600mb,q2,joinless,-1,pattern,3,ok,76.29,62.93,40,120015240211.4,0,0,2,0,2,0,0,/home/athenas/JPP/JPP/results/plans/dim600mb/q2-joinless-pattern-r3.txt
dim600mb,q2,auto,10485760,default-10MiB,3,ok,23.67,,40,120015240211.4,3,1,4,3,7,2940,82026432,/home/athenas/JPP/JPP/results/plans/dim600mb/q2-auto-default-10MiB-r3.txt
dim600mb,q2,auto,2512573,admits-3:date+supplier+part,3,ok,23.63,,40,120015240211.4,3,1,4,3,7,2349,82026432,/home/athenas/JPP/JPP/results/plans/dim600mb/q2-auto-admits-3:date+supplier+part-r3.txt
dim600mb,q2,auto,400597721,admits-4:date+supplier+part+customer,3,ok,28.00,,40,120015240211.4,4,0,2,4,6,16534,3303251904,/home/athenas/JPP/JPP/results/plans/dim600mb/q2-auto-admits-4:date+supplier+part+customer-r3.txt
dim600mb,q2,auto,3204781760,above-all-8x,3,ok,29.48,,40,120015240211.4,4,0,2,4,6,16436,3303251904,/home/athenas/JPP/JPP/results/plans/dim600mb/q2-auto-above-all-8x-r3.txt
dim600mb,q3,joinless,-1,pattern,3,ok,63.14,47.42,400,1199919067064.6,0,0,2,0,2,0,0,/home/athenas/JPP/JPP/results/plans/dim600mb/q3-joinless-pattern-r3.txt
dim600mb,q3,auto,10485760,default-10MiB,3,ok,42.47,,400,1199919067064.6,3,1,4,3,7,2633,55812040,/home/athenas/JPP/JPP/results/plans/dim600mb/q3-auto-default-10MiB-r3.txt
dim600mb,q3,auto,2512573,admits-3:date+supplier+part,3,ok,54.22,,400,1199919067064.6,2,2,6,2,8,1901,11057632,/home/athenas/JPP/JPP/results/plans/dim600mb/q3-auto-admits-3:date+supplier+part-r3.txt
dim600mb,q3,auto,400597721,admits-4:date+supplier+part+customer,3,fail:maxResultSize,,,,,,,,,,,,
dim600mb,q3,auto,3204781760,above-all-8x,3,fail:maxResultSize,,,,,,,,,,,,
dim600mb,q4,joinless,-1,pattern,3,ok,57.55,44.42,200,3000078095504.6,0,0,2,0,2,0,0,/home/athenas/JPP/JPP/results/plans/dim600mb/q4-joinless-pattern-r3.txt
dim600mb,q4,auto,10485760,default-10MiB,3,ok,51.34,,200,3000078095504.6,1,1,4,1,5,363,1069024,/home/athenas/JPP/JPP/results/plans/dim600mb/q4-auto-default-10MiB-r3.txt
dim600mb,q4,auto,2512573,admits-3:date+supplier+part,3,ok,52.41,,200,3000078095504.6,1,1,4,1,5,346,1069024,/home/athenas/JPP/JPP/results/plans/dim600mb/q4-auto-admits-3:date+supplier+part-r3.txt
dim600mb,q4,auto,400597721,admits-4:date+supplier+part+customer,3,fail:maxResultSize,,,,,,,,,,,,
dim600mb,q4,auto,3204781760,above-all-8x,3,fail:maxResultSize,,,,,,,,,,,,
dim600mb,q1,joinless,-1,pattern,4,ok,57.11,41.14,200,3000078095504.6,0,0,2,0,2,0,0,/home/athenas/JPP/JPP/results/plans/dim600mb/q1-joinless-pattern-r4.txt
dim600mb,q1,auto,10485760,default-10MiB,4,ok,66.42,,200,3000078095504.6,3,1,4,3,7,2388,89366496,/home/athenas/JPP/JPP/results/plans/dim600mb/q1-auto-default-10MiB-r4.txt
dim600mb,q1,auto,2512573,admits-3:date+supplier+part,4,ok,62.89,,200,3000078095504.6,3,1,4,3,7,2013,89366496,/home/athenas/JPP/JPP/results/plans/dim600mb/q1-auto-admits-3:date+supplier+part-r4.txt
dim600mb,q1,auto,400597721,admits-4:date+supplier+part+customer,4,fail:maxResultSize,,,,,,,,,,,,
dim600mb,q1,auto,3204781760,above-all-8x,4,fail:maxResultSize,,,,,,,,,,,,
dim600mb,q2,joinless,-1,pattern,4,ok,75.09,61.88,40,120015240211.4,0,0,2,0,2,0,0,/home/athenas/JPP/JPP/results/plans/dim600mb/q2-joinless-pattern-r4.txt
dim600mb,q2,auto,10485760,default-10MiB,4,ok,22.81,,40,120015240211.4,3,1,4,3,7,2482,82026432,/home/athenas/JPP/JPP/results/plans/dim600mb/q2-auto-default-10MiB-r4.txt
dim600mb,q2,auto,2512573,admits-3:date+supplier+part,4,ok,23.34,,40,120015240211.4,3,1,4,3,7,3251,82026432,/home/athenas/JPP/JPP/results/plans/dim600mb/q2-auto-admits-3:date+supplier+part-r4.txt
dim600mb,q2,auto,400597721,admits-4:date+supplier+part+customer,4,ok,27.33,,40,120015240211.4,4,0,2,4,6,16947,3303251904,/home/athenas/JPP/JPP/results/plans/dim600mb/q2-auto-admits-4:date+supplier+part+customer-r4.txt
dim600mb,q2,auto,3204781760,above-all-8x,4,ok,28.45,,40,120015240211.4,4,0,2,4,6,21308,3303251904,/home/athenas/JPP/JPP/results/plans/dim600mb/q2-auto-above-all-8x-r4.txt
dim600mb,q3,joinless,-1,pattern,4,ok,61.04,44.51,400,1199919067064.6,0,0,2,0,2,0,0,/home/athenas/JPP/JPP/results/plans/dim600mb/q3-joinless-pattern-r4.txt
dim600mb,q3,auto,10485760,default-10MiB,4,ok,41.95,,400,1199919067064.6,3,1,4,3,7,2579,55812040,/home/athenas/JPP/JPP/results/plans/dim600mb/q3-auto-default-10MiB-r4.txt
dim600mb,q3,auto,2512573,admits-3:date+supplier+part,4,ok,54.63,,400,1199919067064.6,2,2,6,2,8,1718,11057632,/home/athenas/JPP/JPP/results/plans/dim600mb/q3-auto-admits-3:date+supplier+part-r4.txt
dim600mb,q3,auto,400597721,admits-4:date+supplier+part+customer,4,fail:maxResultSize,,,,,,,,,,,,
dim600mb,q3,auto,3204781760,above-all-8x,4,fail:maxResultSize,,,,,,,,,,,,
dim600mb,q4,joinless,-1,pattern,4,ok,53.99,41.07,200,3000078095504.6,0,0,2,0,2,0,0,/home/athenas/JPP/JPP/results/plans/dim600mb/q4-joinless-pattern-r4.txt
dim600mb,q4,auto,10485760,default-10MiB,4,ok,51.11,,200,3000078095504.6,1,1,4,1,5,330,1069024,/home/athenas/JPP/JPP/results/plans/dim600mb/q4-auto-default-10MiB-r4.txt
dim600mb,q4,auto,2512573,admits-3:date+supplier+part,4,ok,49.52,,200,3000078095504.6,1,1,4,1,5,365,1069024,/home/athenas/JPP/JPP/results/plans/dim600mb/q4-auto-admits-3:date+supplier+part-r4.txt
dim600mb,q4,auto,400597721,admits-4:date+supplier+part+customer,4,fail:maxResultSize,,,,,,,,,,,,
dim600mb,q4,auto,3204781760,above-all-8x,4,fail:maxResultSize,,,,,,,,,,,,
dim600mb,q1,joinless,-1,pattern,5,ok,58.90,43.53,200,3000078095504.6,0,0,2,0,2,0,0,/home/athenas/JPP/JPP/results/plans/dim600mb/q1-joinless-pattern-r5.txt
dim600mb,q1,auto,10485760,default-10MiB,5,ok,61.27,,200,3000078095504.6,3,1,4,3,7,2110,89366496,/home/athenas/JPP/JPP/results/plans/dim600mb/q1-auto-default-10MiB-r5.txt
dim600mb,q1,auto,2512573,admits-3:date+supplier+part,5,ok,62.21,,200,3000078095504.6,3,1,4,3,7,2001,89366496,/home/athenas/JPP/JPP/results/plans/dim600mb/q1-auto-admits-3:date+supplier+part-r5.txt
dim600mb,q1,auto,400597721,admits-4:date+supplier+part+customer,5,fail:maxResultSize,,,,,,,,,,,,
dim600mb,q1,auto,3204781760,above-all-8x,5,fail:maxResultSize,,,,,,,,,,,,
dim600mb,q2,joinless,-1,pattern,5,ok,74.94,61.57,40,120015240211.4,0,0,2,0,2,0,0,/home/athenas/JPP/JPP/results/plans/dim600mb/q2-joinless-pattern-r5.txt
dim600mb,q2,auto,10485760,default-10MiB,5,ok,22.33,,40,120015240211.4,3,1,4,3,7,2281,82026432,/home/athenas/JPP/JPP/results/plans/dim600mb/q2-auto-default-10MiB-r5.txt
dim600mb,q2,auto,2512573,admits-3:date+supplier+part,5,ok,22.33,,40,120015240211.4,3,1,4,3,7,2219,82026432,/home/athenas/JPP/JPP/results/plans/dim600mb/q2-auto-admits-3:date+supplier+part-r5.txt
dim600mb,q2,auto,400597721,admits-4:date+supplier+part+customer,5,ok,27.48,,40,120015240211.4,4,0,2,4,6,14891,3303251904,/home/athenas/JPP/JPP/results/plans/dim600mb/q2-auto-admits-4:date+supplier+part+customer-r5.txt
dim600mb,q2,auto,3204781760,above-all-8x,5,ok,27.79,,40,120015240211.4,4,0,2,4,6,17486,3303251904,/home/athenas/JPP/JPP/results/plans/dim600mb/q2-auto-above-all-8x-r5.txt
dim600mb,q3,joinless,-1,pattern,5,ok,58.72,43.51,400,1199919067064.6,0,0,2,0,2,0,0,/home/athenas/JPP/JPP/results/plans/dim600mb/q3-joinless-pattern-r5.txt
dim600mb,q3,auto,10485760,default-10MiB,5,ok,39.91,,400,1199919067064.6,3,1,4,3,7,2155,55812040,/home/athenas/JPP/JPP/results/plans/dim600mb/q3-auto-default-10MiB-r5.txt
dim600mb,q3,auto,2512573,admits-3:date+supplier+part,5,ok,54.59,,400,1199919067064.6,2,2,6,2,8,1958,11057632,/home/athenas/JPP/JPP/results/plans/dim600mb/q3-auto-admits-3:date+supplier+part-r5.txt
dim600mb,q3,auto,400597721,admits-4:date+supplier+part+customer,5,fail:maxResultSize,,,,,,,,,,,,
dim600mb,q3,auto,3204781760,above-all-8x,5,fail:maxResultSize,,,,,,,,,,,,
dim600mb,q4,joinless,-1,pattern,5,ok,53.98,41.43,200,3000078095504.6,0,0,2,0,2,0,0,/home/athenas/JPP/JPP/results/plans/dim600mb/q4-joinless-pattern-r5.txt
dim600mb,q4,auto,10485760,default-10MiB,5,ok,49.58,,200,3000078095504.6,1,1,4,1,5,288,1069024,/home/athenas/JPP/JPP/results/plans/dim600mb/q4-auto-default-10MiB-r5.txt
dim600mb,q4,auto,2512573,admits-3:date+supplier+part,5,ok,51.72,,200,3000078095504.6,1,1,4,1,5,385,1069024,/home/athenas/JPP/JPP/results/plans/dim600mb/q4-auto-admits-3:date+supplier+part-r5.txt
dim600mb,q4,auto,400597721,admits-4:date+supplier+part+customer,5,fail:maxResultSize,,,,,,,,,,,,
dim600mb,q4,auto,3204781760,above-all-8x,5,fail:maxResultSize,,,,,,,,,,,,
